"<string>:{series}:zhTW","<string>:{series}:jaJP","<string>:{series}:enUS","<string>:{name}:zhTW","<string>:{name}:jaJP","<string>:{name}:enUS","<number>:rare","<string>:type","<string>:gender","<number>:minDefense","<number>:maxDefense","<number>:{resistance}:fire","<number>:{resistance}:water","<number>:{resistance}:thunder","<number>:{resistance}:ice","<number>:{resistance}:dragon","<number>:[slots]:{0}:size","<number>:[slots]:{1}:size","<number>:[slots]:{2}:size","<string>:[skills]:{0}:name","<number>:[skills]:{0}:level","<string>:[skills]:{1}:name","<number>:[skills]:{1}:level","<string>:[skills]:{2}:name","<number>:[skills]:{2}:level","<string>:[skills]:{3}:name","<number>:[skills]:{3}:level"
"神火裝系列","カムラノ","Kamura Set","神火裝【頭巾】","カムラノ装【頭巾】","Kamura Head Scarf","1","helm","general","1","21","1","0","0","0","0",,,,"精靈加護","1",,,,,,
"神火裝系列","カムラノ","Kamura Set","神火裝【上衣】","カムラノ装【上衣】","Kamura Garb","1","chest","general","1","21","1","0","0","0","0",,,,"翔蟲能手","1",,,,,,
"神火裝系列","カムラノ","Kamura Set","神火裝【手甲】","カムラノ装【手甲】","Kamura Braces","1","arm","general","1","21","1","0","0","0","0",,,,"火場怪力","1",,,,,,
"神火裝系列","カムラノ","Kamura Set","神火裝【腰卷】","カムラノ装【腰巻】","Kamura Obi","1","waist","general","1","21","1","0","0","0","0",,,,"看破","1",,,,,,
"神火裝系列","カムラノ","Kamura Set","神火裝【綁腿】","カムラノ装【脚絆】","Kamura Leggings","1","leg","general","1","21","1","0","0","0","0",,,,"飛簷走壁","1",,,,,,
"皮製系列","レザー","Leather Set","皮製頭飾","レザーヘッド","Leather Headgear","1","helm","general","1","21","0","0","0","0","0",,,,"飢餓耐性","1",,,,,,
"皮製系列","レザー","Leather Set","皮製服飾","レザーベスト","Leather Vest","1","chest","general","1","21","0","0","0","0","0",,,,"植生學","1",,,,,,
"皮製系列","レザー","Leather Set","皮製手套","レザーグラブ","Leather Gloves","1","arm","general","1","21","0","0","0","0","0",,,,"地質學","1",,,,,,
"皮製系列","レザー","Leather Set","皮製腰帶","レザーベルト","Leather Belt","1","waist","general","1","21","0","0","0","0","0",,,,"體力回復量UP","1",,,,,,
"皮製系列","レザー","Leather Set","皮製長褲","レザーパンツ","Leather Pants","1","leg","general","1","21","0","0","0","0","0",,,,"地質學","1",,,,,,
"鎖甲系列","チェーン","Chainmail Set","鎖甲頭飾","チェーンヘッド","Chainmail Headgear","1","helm","general","4","18","0","0","1","0","0",,,,"植生學","1","防禦","1",,,,
"鎖甲系列","チェーン","Chainmail Set","鎖甲服飾","チェーンベスト","Chainmail Vest","1","chest","general","4","18","0","0","1","0","0",,,,"無傷","1","防禦","1",,,,
"鎖甲系列","チェーン","Chainmail Set","鎖甲手套","チェーングラブ","Chainmail Gloves","1","arm","general","4","18","0","0","1","0","0",,,,"植生學","1",,,,,,
"鎖甲系列","チェーン","Chainmail Set","鎖甲腰帶","チェーンベルト","Chainmail Belt","1","waist","general","4","18","0","0","1","0","0",,,,"防禦性能","1",,,,,,
"鎖甲系列","チェーン","Chainmail Set","鎖甲長褲","チェーンパンツ","Chainmail Pants","1","leg","general","4","18","0","0","1","0","0",,,,"耐力急速回復","1",,,,,,
"獵人系列","ハンター","Hunter Set","獵人頭盔","ハンターヘルム","Hunter's Helm","1","helm","general","4","18","0","0","0","0","0",,,,"道具使用強化","1",,,,,,
"獵人系列","ハンター","Hunter Set","獵人鎧甲","ハンターメイル","Hunter's Mail","1","chest","general","4","18","0","0","0","0","0",,,,"攻擊","1",,,,,,
"獵人系列","ハンター","Hunter Set","獵人腕甲","ハンターアーム","Hunter's Vambraces","1","arm","general","4","18","0","0","0","0","0",,,,"收刀術","1",,,,,,
"獵人系列","ハンター","Hunter Set","獵人腰甲","ハンターコイル","Hunter's Coil","1","waist","general","4","18","0","0","0","0","0",,,,"昏厥耐性","1",,,,,,
"獵人系列","ハンター","Hunter Set","獵人護腿","ハンターグリーヴ","Hunter's Greaves","1","leg","general","4","18","0","0","0","0","0",,,,"攻擊","1","昏厥耐性","1",,,,
"鎌鼬龍系列","イズチ","Izuchi Set","鐮鼬龍頭盔","イズチヘルム","Izuchi Helm","1","helm","general","10","24","2","-1","-2","0","0",,,,"看破","1",,,,,,
"鎌鼬龍系列","イズチ","Izuchi Set","鐮鼬龍鎧甲","イズチメイル","Izuchi Mail","1","chest","general","10","24","2","-1","-2","0","0",,,,"回復速度","1","看破","1",,,,
"鎌鼬龍系列","イズチ","Izuchi Set","鐮鼬龍腕甲","イズチアーム","Izuchi Braces","1","arm","general","10","24","2","-1","-2","0","0",,,,"體術","1",,,,,,
"鎌鼬龍系列","イズチ","Izuchi Set","鐮鼬龍腰甲","イズチコイル","Izuchi Coil","1","waist","general","10","24","2","-1","-2","0","0",,,,"看破","1",,,,,,
"鎌鼬龍系列","イズチ","Izuchi Set","鐮鼬龍護腿","イズチグリーヴ","Izuchi Greaves","1","leg","general","10","24","2","-1","-2","0","0",,,,"回復速度","1",,,,,,
"眠狗龍系列","バギィ","Baggi Set","眠狗龍頭盔","バギィヘルム","Baggi Helm","1","helm","general","10","24","-4","-1","-1","2","1",,,,"冰屬性攻擊強化","1",,,,,,
"眠狗龍系列","バギィ","Baggi Set","眠狗龍鎧甲","バギィメイル","Baggi Mail","1","chest","general","10","24","-4","-1","-1","2","1",,,,"攻擊","1",,,,,,
"眠狗龍系列","バギィ","Baggi Set","眠狗龍腕甲","バギィアーム","Baggi Vambraces","1","arm","general","10","24","-4","-1","-1","2","1",,,,"冰屬性攻擊強化","1","睡眠耐性","1",,,,
"眠狗龍系列","バギィ","Baggi Set","眠狗龍腰甲","バギィコイル","Baggi Coil","1","waist","general","10","24","-4","-1","-1","2","1",,,,"睡眠耐性","1",,,,,,
"眠狗龍系列","バギィ","Baggi Set","眠狗龍護腿","バギィグリーヴ","Baggi Greaves","1","leg","general","10","24","-4","-1","-1","2","1",,,,"攻擊","1",,,,,,
"青熊獸系列","アシラ","Arzuros Set","青熊獸頭盔","アシラヘルム","Arzuros Helm","1","helm","general","10","24","-2","0","-2","0","0",,,,"不屈","1",,,,,,
"青熊獸系列","アシラ","Arzuros Set","青熊獸鎧甲","アシラメイル","Arzuros Mail","1","chest","general","10","24","-2","0","-2","0","0",,,,"逆襲","1",,,,,,
"青熊獸系列","アシラ","Arzuros Set","青熊獸腕甲","アシラアーム","Arzuros Vambraces","1","arm","general","10","24","-2","0","-2","0","0",,,,"防禦","1",,,,,,
"青熊獸系列","アシラ","Arzuros Set","青熊獸腰甲","アシラコイル","Arzuros Coil","1","waist","general","10","24","-2","0","-2","0","0",,,,"防禦","1",,,,,,
"青熊獸系列","アシラ","Arzuros Set","青熊獸護腿","アシラグリーヴ","Arzuros Greaves","1","leg","general","10","24","-2","0","-2","0","0",,,,"佯攻","1",,,,,,
"白兔獸系列","ウルク","Lagombi Set","白兔獸頭盔","ウルクヘルム","Lagombi Helm","1","helm","general","10","24","-3","1","0","4","0",,,,"看破","1",,,,,,
"白兔獸系列","ウルク","Lagombi Set","白兔獸鎧甲","ウルクメイル","Lagombi Mail","1","chest","general","10","24","-3","1","0","4","0",,,,"滑走強化","1",,,,,,
"白兔獸系列","ウルク","Lagombi Set","白兔獸腕甲","ウルクアーム","Lagombi Vambraces","1","arm","general","10","24","-3","1","0","4","0",,,,"冰屬性攻擊強化","1",,,,,,
"白兔獸系列","ウルク","Lagombi Set","白兔獸腰甲","ウルクコイル","Lagombi Coil","1","waist","general","10","24","-3","1","0","4","0",,,,"體術","1",,,,,,
"白兔獸系列","ウルク","Lagombi Set","白兔獸護腿","ウルクグリーヴ","Lagombi Greaves","1","leg","general","10","24","-3","1","0","4","0",,,,"看破","1",,,,,,
"合金系列","アロイ","Alloy Set","合金頭盔","アロイヘルム","Alloy Helm","2","helm","general","10","22","-1","0","-1","-1","0",,,,"水屬性攻擊強化","1",,,,,,
"合金系列","アロイ","Alloy Set","合金鎧甲","アロイメイル","Alloy Mail","2","chest","general","10","22","-1","0","-1","-1","0",,,,"砥石使用高速化","1",,,,,,
"合金系列","アロイ","Alloy Set","合金腕甲","アロイアーム","Alloy Vambraces","2","arm","general","10","22","-1","0","-1","-1","0",,,,"看破","1",,,,,,
"合金系列","アロイ","Alloy Set","合金腰甲","アロイコイル","Alloy Coil","2","waist","general","10","22","-1","0","-1","-1","0",,,,"水屬性攻擊強化","1","看破","1",,,,
"合金系列","アロイ","Alloy Set","合金護腿","アロイグリーヴ","Alloy Greaves","2","leg","general","10","22","-1","0","-1","-1","0",,,,"砥石使用高速化","1",,,,,,
"鑄鐵系列","インゴット","Ingot Set","鑄鐵頭盔","インゴットヘルム","Ingot Helm","2","helm","general","18","30","-1","-1","1","0","0",,,,"風壓耐性","1",,,,,,
"鑄鐵系列","インゴット","Ingot Set","鑄鐵鎧甲","インゴットメイル","Ingot Mail","2","chest","general","18","30","-1","-1","1","0","0",,,,"風壓耐性","1",,,,,,
"鑄鐵系列","インゴット","Ingot Set","鑄鐵腕甲","インゴットアーム","Ingot Vambraces","2","arm","general","18","30","-1","-1","1","0","0",,,,"雷屬性攻擊強化","2",,,,,,
"鑄鐵系列","インゴット","Ingot Set","鑄鐵腰甲","インゴットコイル","Ingot Coil","2","waist","general","18","30","-1","-1","1","0","0",,,,"強化持續","1",,,,,,
"鑄鐵系列","インゴット","Ingot Set","鑄鐵護腿","インゴットグリーヴ","Ingot Greaves","2","leg","general","18","30","-1","-1","1","0","0",,,,"攻擊","1","看破","1",,,,
"花瓣系列","メルホア","Melahoa Set","花瓣綻放","メルホアフロール","Melahoa Hat","2","helm","general","18","30","0","1","3","0","0",,,,"麻痺耐性","1",,,,,,
"花瓣系列","メルホア","Melahoa Set","花瓣枝幹","メルホアトロンコ","Melahoa Jacket","2","chest","general","18","30","0","1","3","0","0",,,,"植生學","1","體力回復量UP","1",,,,
"花瓣系列","メルホア","Melahoa Set","花瓣枝葉","メルホアラーマ","Melahoa Branch","2","arm","general","18","30","0","1","3","0","0",,,,"體力回復量UP","1","麻痺耐性","1",,,,
"花瓣系列","メルホア","Melahoa Set","花瓣葉片","メルホアオッハ","Melahoa Folia","2","waist","general","18","30","0","1","3","0","0",,,,"回復速度","1","植生學","1",,,,
"花瓣系列","メルホア","Melahoa Set","花瓣紮根","メルホアライース","Melahoa Roots","2","leg","general","18","30","0","1","3","0","0",,,,"回復速度","2",,,,,,
"死神系列","デスギア","Death Stench Set","死神首腦","デスギアゲヒル","Death Stench Brain","2","helm","general","18","30","3","1","1","-1","0",,,,"龍耐性","2",,,,,,
"死神系列","デスギア","Death Stench Set","死神肌肉","デスギアムスケル","Death Stench Muscle","2","chest","general","18","30","3","1","1","-1","0",,,,"高速變形","1",,,,,,
"死神系列","デスギア","Death Stench Set","死神雙手","デスギアファオスト","Death Stench Grip","2","arm","general","18","30","3","1","1","-1","0",,,,"精神抖擻","1",,,,,,
"死神系列","デスギア","Death Stench Set","死神臍帶","デスギアナーベル","Death Stench Bowels","2","waist","general","18","30","3","1","1","-1","0",,,,"龍耐性","1",,,,,,
"死神系列","デスギア","Death Stench Set","死神腳跟","デスギアフェルゼ","Death Stench Heel","2","leg","general","18","30","3","1","1","-1","0",,,,"高速變形","1",,,,,,
"南瓜系列","マギュル","Mosgharl Set","南瓜綻放","マギュルフロール","Mosgharl Vizor","2","helm","general","18","30","-3","1","0","3","0",,,,"爆破異常狀態的耐性","1",,,,,,
"南瓜系列","マギュル","Mosgharl Set","南瓜枝幹","マギュルトロンコ","Mosgharl Ribplate","2","chest","general","18","30","-3","1","0","3","0",,,,"裝填速度","2",,,,,,
"南瓜系列","マギュル","Mosgharl Set","南瓜枝葉","マギュルラーマ","Mosgharl Creeper","2","arm","general","18","30","-3","1","0","3","0",,,,"爆破異常狀態的耐性","1",,,,,,
"南瓜系列","マギュル","Mosgharl Set","南瓜葉片","マギュルオッハ","Mosgharl Folia","2","waist","general","18","30","-3","1","0","3","0",,,,"火屬性攻擊強化","2",,,,,,
"南瓜系列","マギュル","Mosgharl Set","南瓜紮根","マギュルライース","Mosgharl Roots","2","leg","general","18","30","-3","1","0","3","0",,,,"後座力減輕","2",,,,,,
"海境系列","ヴァイク","Vaik Set","海境頭盔","ヴァイクヘルム","Vaik Helm","2","helm","general","18","30","0","3","-2","-1","0",,,,"裝填擴充","1",,,,,,
"海境系列","ヴァイク","Vaik Set","海境鎧甲","ヴァイクメイル","Vaik Mail","2","chest","general","18","30","0","3","-2","-1","0",,,,"抑制偏移","1",,,,,,
"海境系列","ヴァイク","Vaik Set","海境腕甲","ヴァイクアーム","Vaik Braces","2","arm","general","18","30","0","3","-2","-1","0",,,,"通常彈・連射箭強化","1",,,,,,
"海境系列","ヴァイク","Vaik Set","海境腰甲","ヴァイクコイル","Vaik Coil","2","waist","general","18","30","0","3","-2","-1","0",,,,"抑制偏移","1",,,,,,
"海境系列","ヴァイク","Vaik Set","海境護腿","ヴァイクグリーヴ","Vaik Greaves","2","leg","general","18","30","0","3","-2","-1","0",,,,"裝填擴充","1",,,,,,
"混沌系列","混沌","Chaos Set","混沌的包頭","混沌のパオ","Chaoshroom","2","helm","general","12","24","2","-2","0","0","0",,,,"最愛菇類","1",,,,,,
"混沌系列","混沌","Chaos Set","混沌的鎧","混沌のカイ","Chaos Plate","2","chest","general","12","24","2","-2","0","0","0",,,,,,,,,,,
"高貴系列","エーデル","Edel Set","高貴綻放","エーデルフロール","Edel Vizor","2","helm","general","12","24","-1","3","-1","0","0",,,,"毒耐性","1",,,,,,
"高貴系列","エーデル","Edel Set","高貴枝幹","エーデルトロンコ","Edel Ribplate","2","chest","general","12","24","-1","3","-1","0","0",,,,"體力回復量UP","1",,,,,,
"高貴系列","エーデル","Edel Set","高貴枝葉","エーデルラーマ","Edel Creeper","2","arm","general","12","24","-1","3","-1","0","0",,,,"毒耐性","1",,,,,,
"高貴系列","エーデル","Edel Set","高貴葉片","エーデルオッハ","Edel Folia","2","waist","general","12","24","-1","3","-1","0","0",,,,"雷耐性","1",,,,,,
"高貴系列","エーデル","Edel Set","高貴紮根","エーデルライース","Edel Roots","2","leg","general","12","24","-1","3","-1","0","0",,,,"雷耐性","1",,,,,,
"毒蠍系列","スカルダ","Skalda Set","毒蠍護頭","スカルダテスタ","Skalda Vertex","2","helm","male","12","24","3","-1","-1","-1","3",,,,"毒屬性強化","1",,,,,,
"毒蠍系列","スカルダ","Skalda Set","毒蠍上身","スカルダペット","Skalda Thorax","2","chest","male","12","24","3","-1","-1","-1","3",,,,"看破","1",,,,,,
"毒蠍系列","スカルダ","Skalda Set","毒蠍護袖","スカルダマーノ","Skalda Brachia","2","arm","male","12","24","3","-1","-1","-1","3",,,,"毒耐性","1",,,,,,
"毒蠍系列","スカルダ","Skalda Set","毒蠍護腰具","スカルダアンカ","Skalda Elytra","2","waist","male","12","24","3","-1","-1","-1","3",,,,"看破","1",,,,,,
"毒蠍系列","スカルダ","Skalda Set","毒蠍腳","スカルダガンバ","Skalda Crura","2","leg","male","12","24","3","-1","-1","-1","3",,,,"毒耐性","1",,,,,,
"毒蛛系列","スパイオ","Spio Set","毒蛛護頭","スパイオテスタ","Spio Vertex","2","helm","female","12","24","3","-1","-1","-1","3",,,,"毒屬性強化","1",,,,,,
"毒蛛系列","スパイオ","Spio Set","毒蛛上身","スパイオペット","Spio Thorax","2","chest","female","12","24","3","-1","-1","-1","3",,,,"看破","1",,,,,,
"毒蛛系列","スパイオ","Spio Set","毒蛛護袖","スパイオマーノ","Spio Brachia","2","arm","female","12","24","3","-1","-1","-1","3",,,,"毒耐性","1",,,,,,
"毒蛛系列","スパイオ","Spio Set","毒蛛護腰具","スパイオアンカ","Spio Elytra","2","waist","female","12","24","3","-1","-1","-1","3",,,,"看破","1",,,,,,
"毒蛛系列","スパイオ","Spio Set","毒蛛腳","スパイオガンバ","Spio Crura","2","leg","female","12","24","3","-1","-1","-1","3",,,,"毒耐性","1",,,,,,
"貝殼系列","アルブーロ","Shell-Studded Set","貝殼頭部","アルブーロヘッド","Shell-Studded Hat","2","helm","general","12","24","0","2","1","-1","0",,,,"水耐性","1",,,,,,
"貝殼系列","アルブーロ","Shell-Studded Set","貝殼服飾","アルブーロベスト","Shell-Studded Vest","2","chest","general","12","24","0","2","1","-1","0",,,,"裝填速度","1",,,,,,
"貝殼系列","アルブーロ","Shell-Studded Set","貝殼拳套","アルブーログローブ","Shell-Studded Gloves","2","arm","general","12","24","0","2","1","-1","0",,,,"後座力減輕","1",,,,,,
"貝殼系列","アルブーロ","Shell-Studded Set","貝殼纏腰布","アルブーロパレオ","Shell-Studded Sash","2","waist","general","12","24","0","2","1","-1","0",,,,"彈道強化","1",,,,,,
"貝殼系列","アルブーロ","Shell-Studded Set","貝殼涼鞋","アルブーロサンダル","Shell-Studded Sandals","2","leg","general","12","24","0","2","1","-1","0",,,,"散彈・擴散箭強化","1",,,,,,
"天狗獸系列","テンゴ","Bishaten Set","天狗獸頭盔","テンゴヘルム","Bishaten Helm","2","helm","general","22","34","-2","2","2","-4","2",,,,"昏厥耐性","1","道具使用強化","1",,,,
"天狗獸系列","テンゴ","Bishaten Set","天狗獸鎧甲","テンゴメイル","Bishaten Mail","2","chest","general","22","34","-2","2","2","-4","2",,,,"廣域化","1",,,,,,
"天狗獸系列","テンゴ","Bishaten Set","天狗獸腕甲","テンゴアーム","Bishaten Vambraces","2","arm","general","22","34","-2","2","2","-4","2",,,,"昏厥耐性","1",,,,,,
"天狗獸系列","テンゴ","Bishaten Set","天狗獸腰甲","テンゴコイル","Bishaten Coil","2","waist","general","22","34","-2","2","2","-4","2",,,,"道具使用強化","1",,,,,,
"天狗獸系列","テンゴ","Bishaten Set","天狗獸護腿","テンゴグリーヴ","Bishaten Greaves","2","leg","general","22","34","-2","2","2","-4","2",,,,"精神抖擻","1",,,,,,
"傘鳥系列","アケノ","Aknosom Set","傘鳥頭盔","アケノヘルム","Aknosom Helm","2","helm","general","16","28","3","-3","-1","0","0",,,,"火屬性攻擊強化","1",,,,,,
"傘鳥系列","アケノ","Aknosom Set","傘鳥鎧甲","アケノメイル","Aknosom Mail","2","chest","general","16","28","3","-3","-1","0","0",,,,"收刀術","1",,,,,,
"傘鳥系列","アケノ","Aknosom Set","傘鳥腕甲","アケノアーム","Aknosom Braces","2","arm","general","16","28","3","-3","-1","0","0",,,,"火屬性攻擊強化","1",,,,,,
"傘鳥系列","アケノ","Aknosom Set","傘鳥腰甲","アケノコイル","Aknosom Coil","2","waist","general","16","28","3","-3","-1","0","0",,,,"回復速度","1",,,,,,
"傘鳥系列","アケノ","Aknosom Set","傘鳥護腿","アケノグリーヴ","Aknosom Greaves","2","leg","general","16","28","3","-3","-1","0","0",,,,"火屬性攻擊強化","1",,,,,,
"河童蛙系列","ヨツミ","Tetranadon Set","河童蛙頭盔","ヨツミヘルム","Tetranadon Helm","2","helm","general","18","30","-1","4","-2","1","0",,,,"快吃","1",,,,,,
"河童蛙系列","ヨツミ","Tetranadon Set","河童蛙鎧甲","ヨツミメイル","Tetranadon Mail","2","chest","general","18","30","-1","4","-2","1","0",,,,"通常彈・連射箭強化","1",,,,,,
"河童蛙系列","ヨツミ","Tetranadon Set","河童蛙腕甲","ヨツミアーム","Tetranadon Braces","2","arm","general","18","30","-1","4","-2","1","0",,,,"特殊射擊強化","1",,,,,,
"河童蛙系列","ヨツミ","Tetranadon Set","河童蛙腰甲","ヨツミコイル","Tetranadon Coil","2","waist","general","18","30","-1","4","-2","1","0",,,,"火場怪力","1",,,,,,
"河童蛙系列","ヨツミ","Tetranadon Set","河童蛙護腿","ヨツミグリーヴ","Tetranadon Greaves","2","leg","general","18","30","-1","4","-2","1","0",,,,"飢餓耐性","1",,,,,,
"人魚龍系列","イソネ","Somnacanth Set","人魚龍頭盔","イソネヘルム","Somnacanth Helm","2","helm","general","22","34","-1","2","-3","0","1",,,,"睡眠屬性強化","1",,,,,,
"人魚龍系列","イソネ","Somnacanth Set","人魚龍鎧甲","イソネメイル","Somnacanth Mail","2","chest","general","22","34","-1","2","-3","0","1",,,,"道具使用強化","1",,,,,,
"人魚龍系列","イソネ","Somnacanth Set","人魚龍腕甲","イソネアーム","Somnacanth Braces","2","arm","general","22","34","-1","2","-3","0","1",,,,"炸彈客","1","精靈加護","1",,,,
"人魚龍系列","イソネ","Somnacanth Set","人魚龍腰甲","イソネコイル","Somnacanth Coil","2","waist","general","22","34","-1","2","-3","0","1",,,,"炸彈客","1",,,,,,
"人魚龍系列","イソネ","Somnacanth Set","人魚龍護腿","イソネグリーヴ","Somnacanth Greaves","2","leg","general","22","34","-1","2","-3","0","1",,,,"精靈加護","1",,,,,,
"丸鳥偽裝系列","ガーグァフェイク","Gargwa Set","丸鳥偽裝","ガーグァフェイク","Gargwa Mask","2","helm","general","14",,"-3","-2","-2","1","0",,,,"飛身躍入","1",,,,,,
"垂皮龍系列","ズワロ","Slagtoth Set","垂皮龍罩帽","ズワロフード","Slagtoth Hood","2","helm","general","14","26","-2","2","0","-1","1",,,,"滿足感","1",,,,,,
"垂皮龍系列","ズワロ","Slagtoth Set","垂皮龍披風","ズワロマント","Slagtoth Cloak","2","chest","general","14","26","-2","2","0","-1","1",,,,"滿足感","1",,,,,,
"原角龍系列","リノプロ","Rhenoplos Set","原角龍頭盔","リノプロヘルム","Rhenoplos Helm","2","helm","general","14","26","2","0","0","-2","0",,,,"貫通彈・貫通箭強化","1",,,,,,
"原角龍系列","リノプロ","Rhenoplos Set","原角龍鎧甲","リノプロメイル","Rhenoplos Mail","2","chest","general","14","26","2","0","0","-2","0",,,,"昏厥耐性","1","砲術","1",,,,
"原角龍系列","リノプロ","Rhenoplos Set","原角龍腕甲","リノプロアーム","Rhenoplos Braces","2","arm","general","14","26","2","0","0","-2","0",,,,"砲術","1",,,,,,
"原角龍系列","リノプロ","Rhenoplos Set","原角龍腰甲","リノプロコイル","Rhenoplos Coil","2","waist","general","14","26","2","0","0","-2","0",,,,"耐震","1",,,,,,
"原角龍系列","リノプロ","Rhenoplos Set","原角龍護腿","リノプログリーヴ","Rhenoplos Greaves","2","leg","general","14","26","2","0","0","-2","0",,,,"耐震","1",,,,,,
"狗龍皮系列","狗竜の革","Jaggi Set","狗龍皮臂甲","狗竜の革篭手","Jaggi Gauntlets","2","arm","general","14","26","0","0","0","1","0",,,,"攻擊","1",,,,,,
"狗龍皮系列","狗竜の革","Jaggi Set","狗龍皮護腿","狗竜の革臑当","Jaggi Shinguards","2","leg","general","14","26","0","0","0","1","0",,,,"騎乘名人","1",,,,,,
"飛甲蟲系列","ブナハ","Bnahabra Set","飛甲蟲禮帽","ブナハハット","Bnahabra Hat","2","helm","general","14","26","-2","0","0","0","2",,,,"後座力減輕","1",,,,,,
"飛甲蟲系列","ブナハ","Bnahabra Set","飛甲蟲服裝","ブナハスーツ","Bnahabra Suit","2","chest","general","14","26","-2","0","0","0","2",,,,"麻痺屬性強化","1",,,,,,
"飛甲蟲系列","ブナハ","Bnahabra Set","飛甲蟲護手","ブナハグローブ","Bnahabra Gloves","2","arm","general","14","26","-2","0","0","0","2",,,,"迴避性能","1",,,,,,
"飛甲蟲系列","ブナハ","Bnahabra Set","飛甲蟲腰甲","ブナハコイル","Bnahabra Coil","2","waist","general","14","26","-2","0","0","0","2",,,,"麻痺屬性強化","1",,,,,,
"飛甲蟲系列","ブナハ","Bnahabra Set","飛甲蟲靴","ブナハブーツ","Bnahabra Boots","2","leg","general","14","26","-2","0","0","0","2",,,,"後座力減輕","1",,,,,,
"野豬偽裝系列","ブルファンゴフェイク","Bullfango Set","野豬偽裝","ブルファンゴフェイク","Bullfango Mask","2","helm","general","14",,"0","4","-2","0","0",,,,"鈍器能手","1",,,,,,
"翼蛇龍系列","ガブラス","Remobra Set","翼蛇龍頭飾","ガブラスヘッド","Remobra Headgear","2","helm","general","18","30","1","1","1","1","2",,,,"風壓耐性","2",,,,,,
"翼蛇龍系列","ガブラス","Remobra Set","翼蛇龍套裝衣裝","ガブラスーツボディ","Remobra Suit","2","chest","general","18","30","1","1","1","1","2",,,,"道具使用強化","1",,,,,,
"翼蛇龍系列","ガブラス","Remobra Set","翼蛇龍套裝手套","ガブラスーツグラブ","Remobra Gloves","2","arm","general","18","30","1","1","1","1","2",,,,"會心擊【屬性】","1","風壓耐性","1",,,,
"翼蛇龍系列","ガブラス","Remobra Set","翼蛇龍套裝腰帶","ガブラスーツベルト","Remobra Belt","2","waist","general","18","30","1","1","1","1","2",,,,"會心擊【屬性】","1",,,,,,
"翼蛇龍系列","ガブラス","Remobra Set","翼蛇龍套裝鞋子","ガブラスーツフット","Remobra Feet","2","leg","general","18","30","1","1","1","1","2",,,,"精靈加護","1",,,,,,
"水生獸系列","ドロス","Droth Set","水生獸鎧甲","ドロスメイル","Droth Mail","2","chest","general","14","26","-2","4","-1","0","0",,,,"水耐性","1",,,,,,
"水生獸系列","ドロス","Droth Set","水生獸腰甲","ドロスコイル","Droth Coil","2","waist","general","14","26","-2","4","-1","0","0",,,,"佯攻","1",,,,,,
"水生獸系列","ドロス","Droth Set","水生獸護腿","ドロスグリーヴ","Droth Greaves","2","leg","general","14","26","-2","4","-1","0","0",,,,"水耐性","2",,,,,,
"熔岩獸系列","コトル","Uroktor Set","熔岩獸鎧甲","コトルメイル","Uroktor Torso","2","chest","general","18","30","4","-2","0","-1","0",,,,"火耐性","2",,,,,,
"熔岩獸系列","コトル","Uroktor Set","熔岩獸腰甲","コトルコイル","Uroktor Coil","2","waist","general","18","30","4","-2","0","-1","0",,,,"火耐性","1",,,,,,
"毒狗龍系列","フロギィ","Wroggi Set","毒狗龍頭盔","フロギィヘルム","Wroggi Helm","2","helm","general","16","28","2","-2","1","-4","0",,,,"迴避距離UP","1",,,,,,
"毒狗龍系列","フロギィ","Wroggi Set","毒狗龍鎧甲","フロギィメイル","Wroggi Mail","2","chest","general","16","28","2","-2","1","-4","0",,,,"毒屬性強化","1",,,,,,
"毒狗龍系列","フロギィ","Wroggi Set","毒狗龍腕甲","フロギィアーム","Wroggi Vambraces","2","arm","general","16","28","2","-2","1","-4","0",,,,"裝填擴充","1",,,,,,
"毒狗龍系列","フロギィ","Wroggi Set","毒狗龍腰甲","フロギィコイル","Wroggi Coil","2","waist","general","16","28","2","-2","1","-4","0",,,,"毒屬性強化","1",,,,,,
"毒狗龍系列","フロギィ","Wroggi Set","毒狗龍護腿","フロギィグリーヴ","Wroggi Greaves","2","leg","general","16","28","2","-2","1","-4","0",,,,"迴避距離UP","1",,,,,,
"赤甲獸系列","ラングロ","Volvidon Set","赤甲獸頭盔","ラングロヘルム","Volvidon Helm","2","helm","general","20","32","2","-3","0","-1","1",,,,"麻痺屬性強化","1",,,,,,
"赤甲獸系列","ラングロ","Volvidon Set","赤甲獸鎧甲","ラングロメイル","Volvidon Mail","2","chest","general","20","32","2","-3","0","-1","1",,,,"高速變形","1",,,,,,
"赤甲獸系列","ラングロ","Volvidon Set","赤甲獸腕甲","ラングロアーム","Volvidon Vambraces","2","arm","general","20","32","2","-3","0","-1","1",,,,"迴避距離UP","1",,,,,,
"赤甲獸系列","ラングロ","Volvidon Set","赤甲獸腰甲","ラングロコイル","Volvidon Coil","2","waist","general","20","32","2","-3","0","-1","1",,,,"高速變形","1",,,,,,
"赤甲獸系列","ラングロ","Volvidon Set","赤甲獸護腿","ラングログリーヴ","Volvidon Greaves","2","leg","general","20","32","2","-3","0","-1","1",,,,"迴避距離UP","1",,,,,,
"水獸系列","ルドロス","Ludroth Set","水獸頭盔","ルドロスヘルム","Ludroth Helm","2","helm","general","18","30","-3","4","-1","0","0",,,,"水屬性攻擊強化","1",,,,,,
"水獸系列","ルドロス","Ludroth Set","水獸鎧甲","ルドロスメイル","Ludroth Mail","2","chest","general","18","30","-3","4","-1","0","0",,,,"耐力急速回復","1",,,,,,
"水獸系列","ルドロス","Ludroth Set","水獸腕甲","ルドロスアーム","Ludroth Braces","2","arm","general","18","30","-3","4","-1","0","0",,,,"跑者","1",,,,,,
"水獸系列","ルドロス","Ludroth Set","水獸腰甲","ルドロスコイル","Ludroth Coil","2","waist","general","18","30","-3","4","-1","0","0",,,,"水屬性攻擊強化","2",,,,,,
"水獸系列","ルドロス","Ludroth Set","水獸護腿","ルドロスグリーヴ","Ludroth Greaves","2","leg","general","18","30","-3","4","-1","0","0",,,,"強化持續","1",,,,,,
"土砂龍系列","ボロス","Barroth Set","土砂龍頭盔","ボロスヘルム","Barroth Helm","2","helm","general","18","30","-3","-1","3","-1","0",,,,"攻擊","1",,,,,,
"土砂龍系列","ボロス","Barroth Set","土砂龍鎧甲","ボロスメイル","Barroth Mail","2","chest","general","18","30","-3","-1","3","-1","0",,,,"攻擊","1","防禦","1",,,,
"土砂龍系列","ボロス","Barroth Set","土砂龍腕甲","ボロスアーム","Barroth Vambraces","2","arm","general","18","30","-3","-1","3","-1","0",,,,"滑走強化","1",,,,,,
"土砂龍系列","ボロス","Barroth Set","土砂龍腰甲","ボロスコイル","Barroth Coil","2","waist","general","18","30","-3","-1","3","-1","0",,,,"防禦性能","1",,,,,,
"土砂龍系列","ボロス","Barroth Set","土砂龍護腿","ボロスグリーヴ","Barroth Greaves","2","leg","general","18","30","-3","-1","3","-1","0",,,,"防禦性能","1",,,,,,
"奇怪龍系列","フルフル","Khezu Set","奇怪龍頭盔","フルフルヘルム","Khezu Helm","2","helm","general","16","28","-4","1","4","2","1",,,,"體力回復量UP","1",,,,,,
"奇怪龍系列","フルフル","Khezu Set","奇怪龍鎧甲","フルフルメイル","Khezu Mail","2","chest","general","16","28","-4","1","4","2","1",,,,"飛簷走壁","1",,,,,,
"奇怪龍系列","フルフル","Khezu Set","奇怪龍腕甲","フルフルアーム","Khezu Vambraces","2","arm","general","16","28","-4","1","4","2","1",,,,"回復速度","1","雷屬性攻擊強化","1","飛簷走壁","1",,
"奇怪龍系列","フルフル","Khezu Set","奇怪龍腰甲","フルフルコイル","Khezu Coil","2","waist","general","16","28","-4","1","4","2","1",,,,"KO術","1","集中","1",,,,
"奇怪龍系列","フルフル","Khezu Set","奇怪龍護腿","フルフルグリーヴ","Khezu Greaves","2","leg","general","16","28","-4","1","4","2","1",,,,"回復速度","1",,,,,,
"冰牙龍系列","ベリオ","Barioth Set","冰牙龍頭盔","ベリオヘルム","Barioth Helm","2","helm","general","20","32","-5","0","-1","3","0",,,,"拔刀術【技】","1",,,,,,
"冰牙龍系列","ベリオ","Barioth Set","冰牙龍鎧甲","ベリオメイル","Barioth Mail","2","chest","general","20","32","-5","0","-1","3","0",,,,"收刀術","1",,,,,,
"冰牙龍系列","ベリオ","Barioth Set","冰牙龍腕甲","ベリオアーム","Barioth Vambraces","2","arm","general","20","32","-5","0","-1","3","0",,,,"看破","1",,,,,,
"冰牙龍系列","ベリオ","Barioth Set","冰牙龍腰甲","ベリオコイル","Barioth Coil","2","waist","general","20","32","-5","0","-1","3","0",,,,"看破","2",,,,,,
"冰牙龍系列","ベリオ","Barioth Set","冰牙龍護腿","ベリオグリーヴ","Barioth Greaves","2","leg","general","20","32","-5","0","-1","3","0",,,,"收刀術","1",,,,,,
"雌火龍系列","レイア","Rathian Set","雌火龍頭盔","レイアヘルム","Rathian Helm","2","helm","general","22","34","3","0","-2","0","-3",,,,"屬性異常狀態的耐性","1",,,,,,
"雌火龍系列","レイア","Rathian Set","雌火龍鎧甲","レイアメイル","Rathian Mail","2","chest","general","22","34","3","0","-2","0","-3",,,,"體力回復量UP","1",,,,,,
"雌火龍系列","レイア","Rathian Set","雌火龍腕甲","レイアアーム","Rathian Braces","2","arm","general","22","34","3","0","-2","0","-3",,,,"屬性異常狀態的耐性","1",,,,,,
"雌火龍系列","レイア","Rathian Set","雌火龍腰甲","レイアコイル","Rathian Coil","2","waist","general","22","34","3","0","-2","0","-3",,,,"廣域化","1","體力回復量UP","1",,,,
"雌火龍系列","レイア","Rathian Set","雌火龍護腿","レイアグリーヴ","Rathian Greaves","2","leg","general","22","34","3","0","-2","0","-3",,,,"滿足感","1",,,,,,
"岩龍系列","バサル","Basarios Set","岩龍頭盔","バサルヘルム","Basarios Helm","2","helm","general","22","34","0","-2","1","1","-3",,,,"防禦","2",,,,,,
"岩龍系列","バサル","Basarios Set","岩龍鎧甲","バサルメイル","Basarios Mail","2","chest","general","22","34","0","-2","1","1","-3",,,,"防禦性能","1",,,,,,
"岩龍系列","バサル","Basarios Set","岩龍腕甲","バサルアーム","Basarios Vambraces","2","arm","general","22","34","0","-2","1","1","-3",,,,"砥石使用高速化","1","防禦性能","1",,,,
"岩龍系列","バサル","Basarios Set","岩龍腰甲","バサルコイル","Basarios Coil","2","waist","general","22","34","0","-2","1","1","-3",,,,"砥石使用高速化","1","防禦","1",,,,
"岩龍系列","バサル","Basarios Set","岩龍護腿","バサルグリーヴ","Basarios Greaves","2","leg","general","22","34","0","-2","1","1","-3",,,,"砲彈裝填","1","防禦","1",,,,
"搔鳥系列","クルル","Kulu Set","搔鳥頭盔","クルルヘルム","Kulu-Ya-Ku Helm","2","helm","general","16","28","0","-3","0","1","0",,,,"精神抖擻","1",,,,,,
"搔鳥系列","クルル","Kulu Set","搔鳥鎧甲","クルルメイル","Kulu-Ya-Ku Mail","2","chest","general","16","28","0","-3","0","1","0",,,,"吹笛名人","1",,,,,,
"搔鳥系列","クルル","Kulu Set","搔鳥腕甲","クルルアーム","Kulu-Ya-Ku Braces","2","arm","general","16","28","0","-3","0","1","0",,,,"KO術","1",,,,,,
"搔鳥系列","クルル","Kulu Set","搔鳥腰甲","クルルコイル","Kulu-Ya-Ku Coil","2","waist","general","16","28","0","-3","0","1","0",,,,"奪取耐力","1",,,,,,
"搔鳥系列","クルル","Kulu Set","搔鳥護腿","クルルグリーヴ","Kulu-Ya-Ku Greaves","2","leg","general","16","28","0","-3","0","1","0",,,,"昏厥耐性","1","看破","1",,,,
"毒妖鳥系列","プケプケ","Pukei Set","毒妖鳥頭盔","プケプケヘルム","Pukei-Pukei Helm","2","helm","general","20","32","0","3","-3","0","1",,,,"特殊射擊強化","1",,,,,,
"毒妖鳥系列","プケプケ","Pukei Set","毒妖鳥鎧甲","プケプケメイル","Pukei-Pukei Mail","2","chest","general","20","32","0","3","-3","0","1",,,,"體術","1",,,,,,
"毒妖鳥系列","プケプケ","Pukei Set","毒妖鳥腕甲","プケプケアーム","Pukei-Pukei Braces","2","arm","general","20","32","0","3","-3","0","1",,,,"彈藥節約","1",,,,,,
"毒妖鳥系列","プケプケ","Pukei Set","毒妖鳥腰甲","プケプケコイル","Pukei-Pukei Coil","2","waist","general","20","32","0","3","-3","0","1",,,,"毒屬性強化","2",,,,,,
"毒妖鳥系列","プケプケ","Pukei Set","毒妖鳥護腿","プケプケグリーヴ","Pukei-Pukei Greaves","2","leg","general","20","32","0","3","-3","0","1",,,,"體術","1",,,,,,
"飛雷龍系列","カガチ","Kadachi Set","飛雷龍頭盔","カガチヘルム","Kadachi Helm","2","helm","general","20","32","0","-3","3","0","0",,,,"跳躍鐵人","1",,,,,,
"飛雷龍系列","カガチ","Kadachi Set","飛雷龍鎧甲","カガチメイル","Tobi-Kadachi Mail","2","chest","general","20","32","0","-3","3","0","0",,,,"看破","1",,,,,,
"飛雷龍系列","カガチ","Kadachi Set","飛雷龍腕甲","カガチアーム","Tobi-Kadachi Braces","2","arm","general","20","32","0","-3","3","0","0",,,,"體術","1",,,,,,
"飛雷龍系列","カガチ","Kadachi Set","飛雷龍腰甲","カガチコイル","Tobi-Kadachi Coil","2","waist","general","20","32","0","-3","3","0","0",,,,"雷屬性攻擊強化","2",,,,,,
"飛雷龍系列","カガチ","Kadachi Set","飛雷龍護腿","カガチグリーヴ","Kadachi Greaves","2","leg","general","20","32","0","-3","3","0","0",,,,"看破","1","體術","1",,,,
"狗龍偽裝系列","ジャギィフェイク","Jaggi Mask Set","狗龍偽裝","ジャギィフェイク","Jaggi Mask","2","helm","general","14",,"0","0","0","0","0",,,,"滑走強化","1",,,,,,
"骨製系列","ボーン","Bone Set","骨製頭盔","ボーンヘルム","Bone Helm","2","helm","general","10","22","0","0","0","-1","0",,,,"破壞王","1",,,,,,
"骨製系列","ボーン","Bone Set","骨製鎧甲","ボーンメイル","Bone Mail","2","chest","general","10","22","0","0","0","-1","0",,,,"奪取耐力","1",,,,,,
"骨製系列","ボーン","Bone Set","骨製腕甲","ボーンアーム","Bone Vambraces","2","arm","general","10","22","0","0","0","-1","0",,,,"奪取耐力","1",,,,,,
"骨製系列","ボーン","Bone Set","骨製腰甲","ボーンコイル","Bone Coil","2","waist","general","10","22","0","0","0","-1","0",,,,"集中","1",,,,,,
"骨製系列","ボーン","Bone Set","骨製護腿","ボーングリーヴ","Bone Greaves","2","leg","general","10","22","0","0","0","-1","0",,,,"泥雪耐性","1",,,,,,
"魚鱗系列","マカルパ","Makluva Set","魚鱗兜帽","マカルパフード","Makluva Hood","3","helm","general","24","32","1","2","-2","0","0",,,,"睡眠耐性","1",,,,,,
"魚鱗系列","マカルパ","Makluva Set","魚鱗洋裝","マカルパペプラム","Makluva Cover","3","chest","general","24","32","1","2","-2","0","0",,,,"水屬性攻擊強化","2",,,,,,
"魚鱗系列","マカルパ","Makluva Set","魚鱗袖","マカルパスリーブ","Makluva Sleeves","3","arm","general","24","32","1","2","-2","0","0",,,,"飛身躍入","1",,,,,,
"魚鱗系列","マカルパ","Makluva Set","魚鱗腰甲","マカルパコイル","Makluva Coil","3","waist","general","24","32","1","2","-2","0","0",,,,"睡眠耐性","1","快吃","1",,,,
"魚鱗系列","マカルパ","Makluva Set","魚鱗長褲","マカルパパンツ","Makluva Pants","3","leg","general","24","32","1","2","-2","0","0",,,,"快吃","1",,,,,,
"鍬形系列","ロワーガ","Aelucanth Set","鍬形護頭","ロワーガテスタ","Aelucanth Vertex","3","helm","male","24","32","-2","0","3","-2","2",,,,"會心擊【屬性】","1",,,,,,
"鍬形系列","ロワーガ","Aelucanth Set","鍬形上身","ロワーガペット","Aelucanth Thorax","3","chest","male","24","32","-2","0","3","-2","2",,,,"會心擊【屬性】","1","龍屬性攻擊強化","1",,,,
"鍬形系列","ロワーガ","Aelucanth Set","鍬形護袖","ロワーガマーノ","Aelucanth Brachia","3","arm","male","24","32","-2","0","3","-2","2",,,,"迴避性能","1",,,,,,
"鍬形系列","ロワーガ","Aelucanth Set","鍬形護腰具","ロワーガアンカ","Aelucanth Elytra","3","waist","male","24","32","-2","0","3","-2","2",,,,"龍屬性攻擊強化","2",,,,,,
"鍬形系列","ロワーガ","Aelucanth Set","鍬形腳","ロワーガガンバ","Aelucanth Crura","3","leg","male","24","32","-2","0","3","-2","2",,,,"看破","2",,,,,,
"鳳蝶系列","ファルメル","Rhopessa Set","鳳蝶護頭","ファルメルテスタ","Rhopessa Vertex","3","helm","female","24","32","-2","0","3","-2","2",,,,"會心擊【屬性】","1",,,,,,
"鳳蝶系列","ファルメル","Rhopessa Set","鳳蝶上身","ファルメルペット","Rhopessa Thorax","3","chest","female","24","32","-2","0","3","-2","2",,,,"會心擊【屬性】","1","龍屬性攻擊強化","1",,,,
"鳳蝶系列","ファルメル","Rhopessa Set","鳳蝶護袖","ファルメルマーノ","Rhopessa Brachia","3","arm","female","24","32","-2","0","3","-2","2",,,,"迴避性能","1",,,,,,
"鳳蝶系列","ファルメル","Rhopessa Set","鳳蝶護腰具","ファルメルアンカ","Rhopessa Elytra","3","waist","female","24","32","-2","0","3","-2","2",,,,"龍屬性攻擊強化","2",,,,,,
"鳳蝶系列","ファルメル","Rhopessa Set","鳳蝶腳","ファルメルガンバ","Rhopessa Crura","3","leg","female","24","32","-2","0","3","-2","2",,,,"看破","2",,,,,,
"倪泰表系列","ウツシ表","Utsushi Set (Visible)","倪泰表【蒙面】","ウツシ表【覆面】","Utsushi Mask (Visible)","3","helm","male","24","32","3","0","0","0","0",,,,"快吃","1","滿足感","1",,,,
"倪泰表系列","ウツシ表","Utsushi Set (Visible)","倪泰表【上衣】","ウツシ表【上衣】","Utsushi Chest (Visible)","3","chest","male","24","32","3","0","0","0","0",,,,"廣域化","1",,,,,,
"倪泰表系列","ウツシ表","Utsushi Set (Visible)","倪泰表【手甲】","ウツシ表【手甲】","Utsushi Braces (Visible)","3","arm","male","24","32","3","0","0","0","0",,,,"廣域化","1",,,,,,
"倪泰表系列","ウツシ表","Utsushi Set (Visible)","倪泰表【腰卷】","ウツシ表【腰巻】","Utsushi Tassets (Visible)","3","waist","male","24","32","3","0","0","0","0",,,,"快吃","1",,,,,,
"倪泰表系列","ウツシ表","Utsushi Set (Visible)","倪泰表【綁腿】","ウツシ表【脚絆】","Utsushi Greaves (Visible)","3","leg","male","24","32","3","0","0","0","0",,,,"廣域化","1",,,,,,
"神凪系列","神凪","Channeler Set","神凪【元結】","神凪【元結】","Channeler's Hair-tie","3","helm","female","24","32","3","0","0","0","0",,,,"利刃","1","彈藥節約","1",,,,
"神凪系列","神凪","Channeler Set","神凪【白衣】","神凪【白衣】","Channeler's Robe","3","chest","female","24","32","3","0","0","0","0",,,,"利刃","1","彈藥節約","1",,,,
"神凪系列","神凪","Channeler Set","神凪【花袖】","神凪【花袖】","Channeler's Hope","3","arm","female","24","32","3","0","0","0","0",,,,"翔蟲能手","1","迴避性能","1",,,,
"神凪系列","神凪","Channeler Set","神凪【腰卷】","神凪【腰巻】","Channeler's Obi","3","waist","female","24","32","3","0","0","0","0",,,,"挑戰者","1",,,,,,
"神凪系列","神凪","Channeler Set","神凪【緋袴】","神凪【緋袴】","Channeler's Hakama","3","leg","female","24","32","3","0","0","0","0",,,,"挑戰者","1","迴避性能","1",,,,
"倪泰裡系列","ウツシ裏","Utsushi Set (Hidden)","倪泰裡【蒙面】","ウツシ裏【御面】","Utsushi Mask (Hidden)","3","helm","male","24","32","3","0","0","0","0",,,,"利刃","1","彈藥節約","1",,,,
"倪泰裡系列","ウツシ裏","Utsushi Set (Hidden)","倪泰裡【上衣】","ウツシ裏【上衣】","Utsushi Chest (Hidden)","3","chest","male","24","32","3","0","0","0","0",,,,"利刃","1","彈藥節約","1",,,,
"倪泰裡系列","ウツシ裏","Utsushi Set (Hidden)","倪泰裡【手甲】","ウツシ裏【手甲】","Utsushi Braces (Hidden)","3","arm","male","24","32","3","0","0","0","0",,,,"翔蟲能手","1","迴避性能","1",,,,
"倪泰裡系列","ウツシ裏","Utsushi Set (Hidden)","倪泰裡【腰卷】","ウツシ裏【腰巻】","Utsushi Tassets (Hidden)","3","waist","male","24","32","3","0","0","0","0",,,,"挑戰者","1",,,,,,
"倪泰裡系列","ウツシ裏","Utsushi Set (Hidden)","倪泰裡【綁腿】","ウツシ裏【脚絆】","Utsushi Greaves (Hidden)","3","leg","male","24","32","3","0","0","0","0",,,,"挑戰者","1","迴避性能","1",,,,
"依巫系列","依巫","Medium Set","依巫【元結】","依巫【元結】","Medium's Hair-tie","3","helm","female","24","32","3","0","0","0","0",,,,"快吃","1","滿足感","1",,,,
"依巫系列","依巫","Medium Set","依巫【白衣】","依巫【白衣】","Medium's Robe","3","chest","female","24","32","3","0","0","0","0",,,,"廣域化","1",,,,,,
"依巫系列","依巫","Medium Set","依巫【花袖】","依巫【花袖】","Medium's Prayer","3","arm","female","24","32","3","0","0","0","0",,,,"廣域化","1",,,,,,
"依巫系列","依巫","Medium Set","依巫【腰卷】","依巫【腰巻】","Medium's Obi","3","waist","female","24","32","3","0","0","0","0",,,,"快吃","1",,,,,,
"依巫系列","依巫","Medium Set","依巫【緋袴】","依巫【緋袴】","Medium's Hakama","3","leg","female","24","32","3","0","0","0","0",,,,"廣域化","1",,,,,,
"歌德系列","メデュレト","Jelly Set","歌德帽","メデュレトハット","Jelly Hat","3","helm","general","24","32","1","3","0","2","0",,,,"精靈加護","1",,,,,,
"歌德系列","メデュレト","Jelly Set","歌德服飾","メデュレトベスト","Jelly Vest","3","chest","general","24","32","1","3","0","2","0",,,,"爆破屬性強化","1",,,,,,
"歌德系列","メデュレト","Jelly Set","歌德手套","メデュレトグラブ","Jelly Gloves","3","arm","general","24","32","1","3","0","2","0",,,,"精靈加護","1",,,,,,
"歌德系列","メデュレト","Jelly Set","歌德腰甲","メデュレトコイル","Jelly Coil","3","waist","general","24","32","1","3","0","2","0",,,,"破壞王","1",,,,,,
"歌德系列","メデュレト","Jelly Set","歌德靴","メデュレトブーツ","Jelly Boots","3","leg","general","24","32","1","3","0","2","0",,,,"爆破屬性強化","1",,,,,,
"雪鬼獸系列","ゴシャ","Goss Harag Set","雪鬼獸頭盔","ゴシャヘルム","Goss Harag Helm","3","helm","general","30","36","-4","1","-1","4","0",,,,"挑戰者","1",,,,,,
"雪鬼獸系列","ゴシャ","Goss Harag Set","雪鬼獸鎧甲","ゴシャメイル","Goss Harag Mail","3","chest","general","30","36","-4","1","-1","4","0",,,,"拔刀術【技】","1",,,,,,
"雪鬼獸系列","ゴシャ","Goss Harag Set","雪鬼獸腕甲","ゴシャアーム","Goss Harag Braces","3","arm","general","30","36","-4","1","-1","4","0",,,,"拔刀術【力】","1","拔刀術【技】","1",,,,
"雪鬼獸系列","ゴシャ","Goss Harag Set","雪鬼獸腰甲","ゴシャコイル","Goss Harag Coil","3","waist","general","30","36","-4","1","-1","4","0",,,,"怨恨","1","拔刀術【力】","1",,,,
"雪鬼獸系列","ゴシャ","Goss Harag Set","雪鬼獸護腿","ゴシャグリーヴ","Goss Harag Greaves","3","leg","general","30","36","-4","1","-1","4","0",,,,"挑戰者","1",,,,,,
"泥翁龍系列","オロミド","Almudron Set","泥翁龍頭盔","オロミドヘルム","Almudron Helm","3","helm","general","30","36","-4","3","3","-2","-2",,,,"高速變形","1",,,,,,
"泥翁龍系列","オロミド","Almudron Set","泥翁龍鎧甲","オロミドメイル","Almudron Mail","3","chest","general","30","36","-4","3","3","-2","-2",,,,"利刃","1",,,,,,
"泥翁龍系列","オロミド","Almudron Set","泥翁龍腕甲","オロミドアーム","Almudron Vambraces","3","arm","general","30","36","-4","3","3","-2","-2",,,,"迴避性能","1","高速變形","1",,,,
"泥翁龍系列","オロミド","Almudron Set","泥翁龍腰甲","オロミドコイル","Almudron Coil","3","waist","general","30","36","-4","3","3","-2","-2",,,,"強化持續","1",,,,,,
"泥翁龍系列","オロミド","Almudron Set","泥翁龍護腿","オロミドグリーヴ","Almudron Greaves","3","leg","general","30","36","-4","3","3","-2","-2",,,,"利刃","1",,,,,,
"迅龍系列","ナルガ","Nargacuga Set","迅龍頭盔","ナルガヘルム","Nargacuga Helm","3","helm","general","26","34","-2","1","-3","1","1",,,,"迴避性能","1",,,,,,
"迅龍系列","ナルガ","Nargacuga Set","迅龍鎧甲","ナルガメイル","Nargacuga Mail","3","chest","general","26","34","-2","1","-3","1","1",,,,"看破","1",,,,,,
"迅龍系列","ナルガ","Nargacuga Set","迅龍腕甲","ナルガアーム","Nargacuga Braces","3","arm","general","26","34","-2","1","-3","1","1",,,,"迴避性能","1","迴避距離UP","1",,,,
"迅龍系列","ナルガ","Nargacuga Set","迅龍腰甲","ナルガコイル","Nargacuga Coil","3","waist","general","26","34","-2","1","-3","1","1",,,,"迴避距離UP","1",,,,,,
"迅龍系列","ナルガ","Nargacuga Set","迅龍護腿","ナルガグリーヴ","Nargacuga Greaves","3","leg","general","26","34","-2","1","-3","1","1",,,,"看破","1","迴避性能","1",,,,
"火龍系列","レウス","Rathalos Set","火龍頭盔","レウスヘルム","Rathalos Helm","3","helm","general","28","36","4","0","-2","0","-4",,,,"攻擊","1","火屬性攻擊強化","1",,,,
"火龍系列","レウス","Rathalos Set","火龍鎧甲","レウスメイル","Rathalos Mail","3","chest","general","28","36","4","0","-2","0","-4",,,,"破壞王","1","風壓耐性","1",,,,
"火龍系列","レウス","Rathalos Set","火龍腕甲","レウスアーム","Rathalos Braces","3","arm","general","28","36","4","0","-2","0","-4",,,,"攻擊","1",,,,,,
"火龍系列","レウス","Rathalos Set","火龍腰甲","レウスコイル","Rathalos Coil","3","waist","general","28","36","4","0","-2","0","-4",,,,"攻擊","1","風壓耐性","1",,,,
"火龍系列","レウス","Rathalos Set","火龍護腿","レウスグリーヴ","Rathalos Greaves","3","leg","general","28","36","4","0","-2","0","-4",,,,"攻擊","1","火屬性攻擊強化","1",,,,
"轟龍系列","レックス","Tigrex Set","轟龍頭盔","レックスヘルム","Tigrex Helm","3","helm","general","30","36","2","0","-3","0","-2",,,,"快吃","1","耳塞","1",,,,
"轟龍系列","レックス","Tigrex Set","轟龍鎧甲","レックスメイル","Tigrex Mail","3","chest","general","30","36","2","0","-3","0","-2",,,,"耳塞","1","鈍器能手","1",,,,
"轟龍系列","レックス","Tigrex Set","轟龍腕甲","レックスアーム","Tigrex Braces","3","arm","general","30","36","2","0","-3","0","-2",,,,"鈍器能手","2",,,,,,
"轟龍系列","レックス","Tigrex Set","轟龍腰甲","レックスコイル","Tigrex Coil","3","waist","general","30","36","2","0","-3","0","-2",,,,"耳塞","1",,,,,,
"轟龍系列","レックス","Tigrex Set","轟龍護腿","レックスグリーヴ","Tigrex Greaves","3","leg","general","30","36","2","0","-3","0","-2",,,,"快吃","1",,,,,,
"角龍系列","ディアブロ","Diablos Set","角龍頭盔","ディアブロヘルム","Diablos Helm","3","helm","general","30","36","3","-1","-1","-3","-1",,,,"耐力急速回復","1","防禦性能","1",,,,
"角龍系列","ディアブロ","Diablos Set","角龍鎧甲","ディアブロメイル","Diablos Mail","3","chest","general","30","36","3","-1","-1","-3","-1",,,,"防禦性能","1",,,,,,
"角龍系列","ディアブロ","Diablos Set","角龍腕甲","ディアブロアーム","Diablos Vambraces","3","arm","general","30","36","3","-1","-1","-3","-1",,,,"攻擊守勢","1",,,,,,
"角龍系列","ディアブロ","Diablos Set","角龍腰甲","ディアブロコイル","Diablos Coil","3","waist","general","30","36","3","-1","-1","-3","-1",,,,"耐力急速回復","1",,,,,,
"角龍系列","ディアブロ","Diablos Set","角龍護腿","ディアブログリーヴ","Diablos Greaves","3","leg","general","30","36","3","-1","-1","-3","-1",,,,"攻擊守勢","1","防禦性能","1",,,,
"雷狼龍系列","ジンオウ","Zinogre Set","雷狼龍頭盔","ジンオウヘルム","Zinogre Helm","3","helm","general","28","36","0","-1","4","-4","1",,,,"力量解放","1","看破","1",,,,
"雷狼龍系列","ジンオウ","Zinogre Set","雷狼龍鎧甲","ジンオウメイル","Zinogre Mail","3","chest","general","28","36","0","-1","4","-4","1",,,,"力量解放","1","看破","1",,,,
"雷狼龍系列","ジンオウ","Zinogre Set","雷狼龍腕甲","ジンオウアーム","Zinogre Braces","3","arm","general","28","36","0","-1","4","-4","1",,,,"體術","1",,,,,,
"雷狼龍系列","ジンオウ","Zinogre Set","雷狼龍腰甲","ジンオウコイル","Zinogre Coil","3","waist","general","28","36","0","-1","4","-4","1",,,,"力量解放","1",,,,,,
"雷狼龍系列","ジンオウ","Zinogre Set","雷狼龍護腿","ジンオウグリーヴ","Zinogre Greaves","3","leg","general","28","36","0","-1","4","-4","1",,,,"體術","2",,,,,,
"蠻顎龍系列","ジャナフ","Anja Set","蠻顎龍頭盔","ジャナフヘルム","Anjanath Helm","3","helm","general","26","34","3","-3","-1","-1","0",,,,"KO術","1","集中","1",,,,
"蠻顎龍系列","ジャナフ","Anja Set","蠻顎龍鎧甲","ジャナフメイル","Anjanath Mail","3","chest","general","26","34","3","-3","-1","-1","0",,,,"跑者","1","集中","1",,,,
"蠻顎龍系列","ジャナフ","Anja Set","蠻顎龍腕甲","ジャナフアーム","Anjanath Vambraces","3","arm","general","26","34","3","-3","-1","-1","0",,,,"KO術","1","攻擊","1",,,,
"蠻顎龍系列","ジャナフ","Anja Set","蠻顎龍腰甲","ジャナフコイル","Anjanath Coil","3","waist","general","26","34","3","-3","-1","-1","0",,,,"攻擊","2",,,,,,
"蠻顎龍系列","ジャナフ","Anja Set","蠻顎龍護腿","ジャナフグリーヴ","Anjanath Greaves","3","leg","general","26","34","3","-3","-1","-1","0",,,,"跑者","1",,,,,,
"骷髏系列","スカルヘッド","Skull Set","骷髏頭飾","スカルヘッド","Skull Visage","3","helm","general","28",,"-3","-3","-3","-3","4",,,,"不屈","1",,,,,,
"禍鎧系列","禍鎧","Sinister Set","禍鎧【武士盔】","禍鎧【兜】","Sinister Helm","3","helm","general","28","36","3","-3","-2","1","1",,,,"怨恨","1","逆襲","1",,,,
"禍鎧系列","禍鎧","Sinister Set","禍鎧【胸甲】","禍鎧【胸当て】","Sinister Garb","3","chest","general","28","36","3","-3","-2","1","1",,,,"怨恨","1","鬼火纏身","1",,,,
"禍鎧系列","禍鎧","Sinister Set","禍鎧【臂甲】","禍鎧【篭手】","Sinister Gauntlets","3","arm","general","28","36","3","-3","-2","1","1",,,,"鬼火纏身","1",,,,,,
"禍鎧系列","禍鎧","Sinister Set","禍鎧【腰具】","禍鎧【腰当て】","Sinister Tassets","3","waist","general","28","36","3","-3","-2","1","1",,,,"逆襲","2","鬼火纏身","1",,,,
"禍鎧系列","禍鎧","Sinister Set","禍鎧【腿甲】","禍鎧【具足】","Sinister Greaves","3","leg","general","28","36","3","-3","-2","1","1",,,,"怨恨","1",,,,,,
"泡狐龍系列","ミツネ","Mizutsune Set","泡狐龍頭盔","ミツネヘルム","Mizutsune Helm","3","helm","general","26","34","0","2","-3","1","-1",,,,"水屬性攻擊強化","1",,,,,,
"泡狐龍系列","ミツネ","Mizutsune Set","泡狐龍鎧甲","ミツネメイル","Mizutsune Mail","3","chest","general","26","34","0","2","-3","1","-1",,,,"水屬性攻擊強化","1","泡沫之舞","1",,,,
"泡狐龍系列","ミツネ","Mizutsune Set","泡狐龍腕甲","ミツネアーム","Mizutsune Braces","3","arm","general","26","34","0","2","-3","1","-1",,,,"水屬性攻擊強化","1","滿足感","1",,,,
"泡狐龍系列","ミツネ","Mizutsune Set","泡狐龍腰甲","ミツネコイル","Mizutsune Coil","3","waist","general","26","34","0","2","-3","1","-1",,,,"滿足感","1",,,,,,
"泡狐龍系列","ミツネ","Mizutsune Set","泡狐龍護腿","ミツネグリーヴ","Mizutsune Greaves","3","leg","general","26","34","0","2","-3","1","-1",,,,"泡沫之舞","1",,,,,,
"旅團系列","ブリゲイド","Brigade Set","旅團帽","ブリゲイドロポス","Brigade Lobos","3","helm","general","26","34","1","0","2","0","2",,,,"植生學","2",,,,,,
"旅團系列","ブリゲイド","Brigade Set","旅團戰衣","ブリゲイドスーツ","Brigade Suit","3","chest","general","26","34","1","0","2","0","2",,,,"屬性異常狀態的耐性","1",,,,,,
"旅團系列","ブリゲイド","Brigade Set","旅團腕甲","ブリゲイドアーム","Brigade Vambraces","3","arm","general","26","34","1","0","2","0","2",,,,"地質學","2",,,,,,
"旅團系列","ブリゲイド","Brigade Set","旅團腰甲","ブリゲイドコイル","Brigade Coil","3","waist","general","26","34","1","0","2","0","2",,,,"屬性異常狀態的耐性","1",,,,,,
"旅團系列","ブリゲイド","Brigade Set","旅團靴","ブリゲイドブーツ","Brigade Boots","3","leg","general","26","34","1","0","2","0","2",,,,"廣域化","1",,,,,,
,,,"神火武士【斗笠】","カムライ【笠】","Kamurai Hat","3","helm",,"0",,"0","0","0","0","0",,,,,,,,,,,
,,,"神火武士【上衣】","カムライ【上衣】","Kamurai Garb","3","chest",,"0",,"0","0","0","0","0",,,,,,,,,,,
,,,"神火武士【手甲】","カムライ【手甲】","Kamurai Braces","3","arm",,"0",,"0","0","0","0","0",,,,,,,,,,,
,,,"神火武士【腰卷】","カムライ【腰巻】","Kamurai Obi","3","waist",,"0",,"0","0","0","0","0",,,,,,,,,,,
,,,"神火武士【綁腿】","カムライ【脚絆】","Kamurai Leggings","3","leg",,"0",,"0","0","0","0","0",,,,,,,,,,,
,,,"禍鎧封具【面具】","禍鎧封具【面】","Sinister Seal Mask","3","helm",,"0",,"0","0","0","0","0",,,,,,,,,,,
,,,"禍鎧封具【上衣】","禍鎧封具【上衣】","Sinister Seal Garb","3","chest",,"0",,"0","0","0","0","0",,,,,,,,,,,
,,,"禍鎧封具【手甲】","禍鎧封具【手甲】","Sinister Seal Braces","3","arm",,"0",,"0","0","0","0","0",,,,,,,,,,,
,,,"禍鎧封具【腰卷】","禍鎧封具【腰巻】","Sinister Seal Obi","3","waist",,"0",,"0","0","0","0","0",,,,,,,,,,,
,,,"禍鎧封具【綁腿】","禍鎧封具【脚絆】","Sinister Seal Greaves","3","leg",,"0",,"0","0","0","0","0",,,,,,,,,,,
,,,"狐狸面具","狐ノ面","Fox Mask","3","helm",,"0",,"0","0","0","0","0",,,,,,,,,,,
,,,"知名演員假髮","花形のカツラ","Theater Wig","3","helm",,"0",,"0","0","0","0","0",,,,,,,,,,,
,,,"燕子襯衫","スワロウシャツ","Swallow Shirt","3","chest",,"0",,"0","0","0","0","0",,,,,,,,,,,
,,,"燕子腕甲","スワロウアーム","Swallow Gloves","3","arm",,"0",,"0","0","0","0","0",,,,,,,,,,,
,,,"燕子靴","スワロウブーツ","Swallow Boots","3","leg",,"0",,"0","0","0","0","0",,,,,,,,,,,
"神火裝・霸系列","カムラノ装・覇","Kamura S Set","神火裝【頭巾】霸","カムラノ装【頭巾】覇","Kamura Head Scarf S","4","helm","general","30",,"2","0","0","0","0","1",,,"死裡逃生","1","精靈加護","1",,,,
"神火裝・霸系列","カムラノ装・覇","Kamura S Set","神火裝【上衣】霸","カムラノ装【上衣】覇","Kamura Garb S","4","chest","general","30",,"2","0","0","0","0","1",,,"翔蟲能手","2","看破","1","飛簷走壁","1",,
"神火裝・霸系列","カムラノ装・覇","Kamura S Set","神火裝【手甲】霸","カムラノ装【手甲】覇","Kamura Braces S","4","arm","general","30",,"2","0","0","0","0","2",,,"看破","2","火場怪力","1",,,,
"神火裝・霸系列","カムラノ装・覇","Kamura S Set","神火裝【腰卷】霸","カムラノ装【腰巻】覇","Kamura Obi S","4","waist","general","30",,"2","0","0","0","0","1","1",,"看破","1","翔蟲能手","1",,,,
"神火裝・霸系列","カムラノ装・覇","Kamura S Set","神火裝【綁腿】霸","カムラノ装【脚絆】覇","Kamura Leggings S","4","leg","general","30",,"2","0","0","0","0","1",,,"飛簷走壁","2","死裡逃生","1",,,,
"皮製S系列","レザーS","Leather S Set","皮製S頭飾","レザーSヘッド","Leather Headgear S","4","helm","general","30",,"0","0","0","0","0","1","1",,"地質學","1","飢餓耐性","1",,,,
"皮製S系列","レザーS","Leather S Set","皮製S服飾","レザーSベスト","Leather Vest S","4","chest","general","30",,"0","0","0","0","0","2",,,"植生學","1",,,,,,
"皮製S系列","レザーS","Leather S Set","皮製S手套","レザーSグラブ","Leather Gloves S","4","arm","general","30",,"0","0","0","0","0","1","1",,"地質學","1","特殊射擊強化","1",,,,
"皮製S系列","レザーS","Leather S Set","皮製S腰帶","レザーSベルト","Leather Belt S","4","waist","general","30",,"0","0","0","0","0","1",,,"飢餓耐性","2","體力回復量UP","1",,,,
"皮製S系列","レザーS","Leather S Set","皮製S長褲","レザーSパンツ","Leather Pants S","4","leg","general","30",,"0","0","0","0","0","2",,,"地質學","1",,,,,,
"鎖甲S系列","チェーンS","Chainmail S Set","鎖甲S頭飾","チェーンSヘッド","Chainmail Headgear S","4","helm","general","32",,"0","0","1","0","0","2",,,"植生學","1","防禦","1",,,,
"鎖甲S系列","チェーンS","Chainmail S Set","鎖甲S服飾","チェーンSベスト","Chainmail Vest S","4","chest","general","32",,"0","0","1","0","0","1",,,"減輕膽怯","2","防禦","1",,,,
"鎖甲S系列","チェーンS","Chainmail S Set","鎖甲S手套","チェーンSグラブ","Chainmail Gloves S","4","arm","general","32",,"0","0","1","0","0","1","1",,"防禦","2","植生學","1",,,,
"鎖甲S系列","チェーンS","Chainmail S Set","鎖甲S腰帶","チェーンSベルト","Chainmail Belt S","4","waist","general","32",,"0","0","1","0","0","1","1",,"植生學","1","防禦性能","1","防禦","1",,
"鎖甲S系列","チェーンS","Chainmail S Set","鎖甲S長褲","チェーンSパンツ","Chainmail Pants S","4","leg","general","32",,"0","0","1","0","0","1","1",,"植生學","1","耐力急速回復","1",,,,
"獵人S系列","ハンターS","Hunter S Set","獵人S頭盔","ハンターSヘルム","Hunter's Helm S","4","helm","general","32",,"0","0","0","0","0","2",,,"道具使用強化","1",,,,,,
"獵人S系列","ハンターS","Hunter S Set","獵人S鎧甲","ハンターSメイル","Hunter's Mail S","4","chest","general","32",,"0","0","0","0","0","1",,,"匠","1","攻擊","1",,,,
"獵人S系列","ハンターS","Hunter S Set","獵人S腕甲","ハンターSアーム","Hunter's Vambraces S","4","arm","general","32",,"0","0","0","0","0","2",,,"收刀術","1",,,,,,
"獵人S系列","ハンターS","Hunter S Set","獵人S腰甲","ハンターSコイル","Hunter's Coil S","4","waist","general","32",,"0","0","0","0","0","1","1",,"昏厥耐性","2",,,,,,
"獵人S系列","ハンターS","Hunter S Set","獵人S護腿","ハンターSグリーヴ","Hunter's Greaves S","4","leg","general","32",,"0","0","0","0","0","2",,,"攻擊","2","昏厥耐性","1",,,,
"合金S系列","アロイS","Alloy S Set","合金S頭盔","アロイSヘルム","Alloy Helm S","4","helm","general","32",,"-1","0","-1","-1","0","1",,,"剛刃研磨","1","水屬性攻擊強化","1",,,,
"合金S系列","アロイS","Alloy S Set","合金S鎧甲","アロイSメイル","Alloy Mail S","4","chest","general","32",,"-1","0","-1","-1","0","2",,,"砥石使用高速化","2",,,,,,
"合金S系列","アロイS","Alloy S Set","合金S腕甲","アロイSアーム","Alloy Vambraces S","4","arm","general","32",,"-1","0","-1","-1","0","1",,,"看破","2","水屬性攻擊強化","1",,,,
"合金S系列","アロイS","Alloy S Set","合金S腰甲","アロイSコイル","Alloy Coil S","4","waist","general","32",,"-1","0","-1","-1","0","1","1",,"水屬性攻擊強化","2","看破","1",,,,
"合金S系列","アロイS","Alloy S Set","合金S護腿","アロイSグリーヴ","Alloy Greaves S","4","leg","general","32",,"-1","0","-1","-1","0","2",,,"看破","1","砥石使用高速化","1",,,,
"鑄鐵S系列","インゴットS","Ingot S Set","鑄鐵S頭盔","インゴットSヘルム","Ingot Helm S","4","helm","general","40",,"-1","-1","1","0","0","3","1",,"風壓耐性","1",,,,,,
"鑄鐵S系列","インゴットS","Ingot S Set","鑄鐵S鎧甲","インゴットSメイル","Ingot Mail S","4","chest","general","40",,"-1","-1","1","0","0","2","1",,"風壓耐性","2",,,,,,
"鑄鐵S系列","インゴットS","Ingot S Set","鑄鐵S腕甲","インゴットSアーム","Ingot Vambraces S","4","arm","general","40",,"-1","-1","1","0","0","1",,,"雷屬性攻擊強化","3",,,,,,
"鑄鐵S系列","インゴットS","Ingot S Set","鑄鐵S腰甲","インゴットSコイル","Ingot Coil S","4","waist","general","40",,"-1","-1","1","0","0","2",,,"強化持續","2",,,,,,
"鑄鐵S系列","インゴットS","Ingot S Set","鑄鐵S護腿","インゴットSグリーヴ","Ingot Greaves S","4","leg","general","40",,"-1","-1","1","0","0","1",,,"攻擊","2","看破","2",,,,
"混沌・霸系列","混沌・覇","Chaos S Set","混沌的包頭・霸","混沌のパオ・覇","Chaos Archbun","4","helm","general","40",,"2","-2","0","0","0","1","1",,"最愛菇類","1",,,,,,
"混沌・霸系列","混沌・覇","Chaos S Set","混沌的鎧・霸","混沌のカイ・覇","Chaos Archplate","4","chest","general","40",,"2","-2","0","0","0",,,,"最愛菇類","2",,,,,,
"高貴S系列","エーデルS","Edel S Set","高貴S綻放","エーデルSフロール","Edel Vizor S","4","helm","general","40",,"-1","3","-1","0","0","2","2",,"毒耐性","2",,,,,,
"高貴S系列","エーデルS","Edel S Set","高貴S枝幹","エーデルSトロンコ","Edel Ribplate S","4","chest","general","40",,"-1","3","-1","0","0","1","1",,"體力回復量UP","2",,,,,,
"高貴S系列","エーデルS","Edel S Set","高貴S枝葉","エーデルSラーマ","Edel Creeper S","4","arm","general","40",,"-1","3","-1","0","0",,,,"捕獲名人","1",,,,,,
"高貴S系列","エーデルS","Edel S Set","高貴S葉片","エーデルSオッハ","Edel Folia S","4","waist","general","40",,"-1","3","-1","0","0","2",,,"體力回復量UP","1",,,,,,
"高貴S系列","エーデルS","Edel S Set","高貴S紮根","エーデルSライース","Edel Roots S","4","leg","general","40",,"-1","3","-1","0","0","3","1",,"毒耐性","1",,,,,,
"毒蠍S系列","スカルダS","Skalda S Set","毒蠍S護頭","スカルダSテスタ","Skalda Vertex S","4","helm","male","32",,"3","-1","-1","-1","3","2",,,"毒屬性強化","2",,,,,,
"毒蠍S系列","スカルダS","Skalda S Set","毒蠍S上身","スカルダSペット","Skalda Thorax S","4","chest","male","32",,"3","-1","-1","-1","3","2",,,"力量解放","1",,,,,,
"毒蠍S系列","スカルダS","Skalda S Set","毒蠍S護袖","スカルダSマーノ","Skalda Brachia S","4","arm","male","32",,"3","-1","-1","-1","3","1","1",,"力量解放","1","毒耐性","1",,,,
"毒蠍S系列","スカルダS","Skalda S Set","毒蠍S護腰具","スカルダSアンカ","Skalda Elytra S","4","waist","male","32",,"3","-1","-1","-1","3",,,,"弱點特效","2",,,,,,
"毒蠍S系列","スカルダS","Skalda S Set","毒蠍S腳","スカルダSガンバ","Skalda Crura S","4","leg","male","32",,"3","-1","-1","-1","3","1",,,"力量解放","1","心眼","1","毒耐性","1",,
"毒蛛S系列","スパイオS","Spio S Set","毒蛛S護頭","スパイオSテスタ","Spio Vertex S","4","helm","female","32",,"3","-1","-1","-1","3","2",,,"毒屬性強化","2",,,,,,
"毒蛛S系列","スパイオS","Spio S Set","毒蛛S上身","スパイオSペット","Spio Thorax S","4","chest","female","32",,"3","-1","-1","-1","3","2",,,"力量解放","1",,,,,,
"毒蛛S系列","スパイオS","Spio S Set","毒蛛S護袖","スパイオSマーノ","Spio Brachia S","4","arm","female","32",,"3","-1","-1","-1","3","1","1",,"力量解放","1","毒耐性","1",,,,
"毒蛛S系列","スパイオS","Spio S Set","毒蛛S護腰具","スパイオSアンカ","Spio Elytra S","4","waist","female","32",,"3","-1","-1","-1","3",,,,"弱點特效","2",,,,,,
"毒蛛S系列","スパイオS","Spio S Set","毒蛛S腳","スパイオSガンバ","Spio Crura S","4","leg","female","32",,"3","-1","-1","-1","3","1",,,"力量解放","1","心眼","1","毒耐性","1",,
"傘鳥S系列","アケノS","Aknosom S Set","傘鳥S頭盔","アケノSヘルム","Aknosom Helm S","4","helm","general","38",,"3","-3","-1","0","0","2",,,"收刀術","1","火屬性攻擊強化","1",,,,
"傘鳥S系列","アケノS","Aknosom S Set","傘鳥S鎧甲","アケノSメイル","Aknosom Mail S","4","chest","general","38",,"3","-3","-1","0","0","1",,,"收刀術","1","無傷","1",,,,
"傘鳥S系列","アケノS","Aknosom S Set","傘鳥S腕甲","アケノSアーム","Aknosom Braces S","4","arm","general","38",,"3","-3","-1","0","0","1","1",,"火屬性攻擊強化","1","無傷","1",,,,
"傘鳥S系列","アケノS","Aknosom S Set","傘鳥S腰甲","アケノSコイル","Aknosom Coil S","4","waist","general","38",,"3","-3","-1","0","0","3","1",,"收刀術","1",,,,,,
"傘鳥S系列","アケノS","Aknosom S Set","傘鳥S護腿","アケノSグリーヴ","Aknosom Greaves S","4","leg","general","38",,"3","-3","-1","0","0","1",,,"火屬性攻擊強化","2","無傷","1",,,,
"河童蛙S系列","ヨツミS","Tetranadon S Set","河童蛙S頭盔","ヨツミSヘルム","Tetranadon Helm S","4","helm","general","40",,"-1","4","-2","1","0","1",,,"快吃","1","通常彈・連射箭強化","1",,,,
"河童蛙S系列","ヨツミS","Tetranadon S Set","河童蛙S鎧甲","ヨツミSメイル","Tetranadon Mail S","4","chest","general","40",,"-1","4","-2","1","0","1",,,"迴避距離UP","1","通常彈・連射箭強化","1",,,,
"河童蛙S系列","ヨツミS","Tetranadon S Set","河童蛙S腕甲","ヨツミSアーム","Tetranadon Braces S","4","arm","general","40",,"-1","4","-2","1","0","1","1",,"火場怪力","1","特殊射擊強化","1",,,,
"河童蛙S系列","ヨツミS","Tetranadon S Set","河童蛙S腰甲","ヨツミSコイル","Tetranadon Coil S","4","waist","general","40",,"-1","4","-2","1","0","2",,,"火場怪力","2",,,,,,
"河童蛙S系列","ヨツミS","Tetranadon S Set","河童蛙S護腿","ヨツミSグリーヴ","Tetranadon Greaves S","4","leg","general","40",,"-1","4","-2","1","0","1",,,"通常彈・連射箭強化","1","飢餓耐性","1",,,,
"鎌鼬龍S系列","イズチS","Izuchi S Set","鐮鼬龍S頭盔","イズチSヘルム","Izuchi Helm S","4","helm","general","36",,"2","-1","-2","0","0","1","1",,"看破","1",,,,,,
"鎌鼬龍S系列","イズチS","Izuchi S Set","鐮鼬龍S鎧甲","イズチSメイル","Izuchi Mail S","4","chest","general","36",,"2","-1","-2","0","0","1",,,"看破","2","回復速度","1",,,,
"鎌鼬龍S系列","イズチS","Izuchi S Set","鐮鼬龍S腕甲","イズチSアーム","Izuchi Braces S","4","arm","general","36",,"2","-1","-2","0","0","1","1",,"體術","2",,,,,,
"鎌鼬龍S系列","イズチS","Izuchi S Set","鐮鼬龍S腰甲","イズチSコイル","Izuchi Coil S","4","waist","general","36",,"2","-1","-2","0","0","1","1",,"看破","2",,,,,,
"鎌鼬龍S系列","イズチS","Izuchi S Set","鐮鼬龍S護腿","イズチSグリーヴ","Izuchi Greaves S","4","leg","general","36",,"2","-1","-2","0","0","1","1",,"回復速度","1","體術","1",,,,
"垂皮龍S系列","ズワロS","Slagtoth S Set","垂皮龍S罩帽","ズワロSフード","Slagtoth Hood S","4","helm","general","42",,"-2","2","0","-1","1","3",,,"佯攻","1","滿足感","1",,,,
"垂皮龍S系列","ズワロS","Slagtoth S Set","垂皮龍S披風","ズワロSマント","Slagtoth Cloak S","4","chest","general","42",,"-2","2","0","-1","1","2","1",,"滿足感","2",,,,,,
"原角龍S系列","リノプロS","Rhenoplos S Set","原角龍S頭盔","リノプロSヘルム","Rhenoplos Helm S","4","helm","general","42",,"2","0","0","-2","0","1",,,"貫通彈・貫通箭強化","2","昏厥耐性","1",,,,
"原角龍S系列","リノプロS","Rhenoplos S Set","原角龍S鎧甲","リノプロSメイル","Rhenoplos Mail S","4","chest","general","42",,"2","0","0","-2","0","2","1",,"昏厥耐性","2","砲術","1",,,,
"原角龍S系列","リノプロS","Rhenoplos S Set","原角龍S腕甲","リノプロSアーム","Rhenoplos Braces S","4","arm","general","42",,"2","0","0","-2","0","2","1",,"砲術","2",,,,,,
"原角龍S系列","リノプロS","Rhenoplos S Set","原角龍S腰甲","リノプロSコイル","Rhenoplos Coil S","4","waist","general","42",,"2","0","0","-2","0","3","1",,"耐震","2",,,,,,
"原角龍S系列","リノプロS","Rhenoplos S Set","原角龍S護腿","リノプロSグリーヴ","Rhenoplos Greaves S","4","leg","general","42",,"2","0","0","-2","0","1","1",,"耐震","1","貫通彈・貫通箭強化","1",,,,
"狗龍皮S系列","狗竜の革","Jaggi S Set","狗龍皮臂甲S","狗竜の革篭手S","Jaggi Gauntlets S","4","arm","general","42",,"0","0","0","1","0","1","1",,"攻擊","2",,,,,,
"狗龍皮S系列","狗竜の革","Jaggi S Set","狗龍皮護腿S","狗竜の革臑当S","Jaggi Shinguards S","4","leg","general","42",,"0","0","0","1","0","2","1",,"騎乘名人","1",,,,,,
"飛甲蟲S系列","ブナハS","Bnahabra S Set","飛甲蟲S禮帽","ブナハSハット","Bnahabra Hat S","4","helm","general","34",,"-2","0","0","0","2","2",,,"後座力減輕","2","毒屬性強化","1",,,,
"飛甲蟲S系列","ブナハS","Bnahabra S Set","飛甲蟲S服裝","ブナハSスーツ","Bnahabra Suit S","4","chest","general","34",,"-2","0","0","0","2","1","1",,"迴避性能","1","麻痺屬性強化","1",,,,
"飛甲蟲S系列","ブナハS","Bnahabra S Set","飛甲蟲S護手","ブナハSグローブ","Bnahabra Gloves S","4","arm","general","34",,"-2","0","0","0","2","1",,,"毒屬性強化","2","迴避性能","1",,,,
"飛甲蟲S系列","ブナハS","Bnahabra S Set","飛甲蟲S腰甲","ブナハSコイル","Bnahabra Coil S","4","waist","general","34",,"-2","0","0","0","2","1","1",,"迴避性能","1","麻痺屬性強化","1",,,,
"飛甲蟲S系列","ブナハS","Bnahabra S Set","飛甲蟲S靴","ブナハSブーツ","Bnahabra Boots S","4","leg","general","34",,"-2","0","0","0","2","2","1",,"後座力減輕","1","麻痺屬性強化","1",,,,
"野豬S偽裝系列","ファンゴSフェイク","Bullfango S Set","野豬S偽裝","ファンゴSフェイク","Bullfango Mask S","4","helm","general","36",,"0","4","-2","0","0","1",,,"鈍器能手","2",,,,,,
"水生獸S系列","ドロスS","Droth S Set","水生獸S鎧甲","ドロスSメイル","Droth Mail S","4","chest","general","42",,"-2","4","-1","0","0","2","1",,"水屬性攻擊強化","2",,,,,,
"水生獸S系列","ドロスS","Droth S Set","水生獸S腰甲","ドロスSコイル","Droth Coil S","4","waist","general","42",,"-2","4","-1","0","0","3","1",,"佯攻","1",,,,,,
"水生獸S系列","ドロスS","Droth S Set","水生獸S護腿","ドロスSグリーヴ","Droth Greaves S","4","leg","general","42",,"-2","4","-1","0","0","2",,,"水屬性攻擊強化","3",,,,,,
"毒狗龍S系列","フロギィS","Wroggi S Set","毒狗龍S頭盔","フロギィSヘルム","Wroggi Helm S","4","helm","general","38",,"2","-2","1","-4","0","1",,,"迴避距離UP","1","速射強化","1",,,,
"毒狗龍S系列","フロギィS","Wroggi S Set","毒狗龍S鎧甲","フロギィSメイル","Wroggi Mail S","4","chest","general","38",,"2","-2","1","-4","0","1",,,"毒屬性強化","1","速射強化","1",,,,
"毒狗龍S系列","フロギィS","Wroggi S Set","毒狗龍S腕甲","フロギィSアーム","Wroggi Vambraces S","4","arm","general","38",,"2","-2","1","-4","0","3",,,"裝填擴充","1",,,,,,
"毒狗龍S系列","フロギィS","Wroggi S Set","毒狗龍S腰甲","フロギィSコイル","Wroggi Coil S","4","waist","general","38",,"2","-2","1","-4","0","1",,,"毒屬性強化","2","裝填擴充","1",,,,
"毒狗龍S系列","フロギィS","Wroggi S Set","毒狗龍S護腿","フロギィSグリーヴ","Wroggi Greaves S","4","leg","general","38",,"2","-2","1","-4","0","1","1",,"裝填擴充","1","迴避距離UP","1",,,,
"眠狗龍S系列","バギィS","Baggi S Set","眠狗龍S頭盔","バギィSヘルム","Baggi Helm S","4","helm","general","36",,"-4","-1","-1","2","1","2","1",,"冰屬性攻擊強化","2",,,,,,
"眠狗龍S系列","バギィS","Baggi S Set","眠狗龍S鎧甲","バギィSメイル","Baggi Mail S","4","chest","general","36",,"-4","-1","-1","2","1","1",,,"冰屬性攻擊強化","1","攻擊","1",,,,
"眠狗龍S系列","バギィS","Baggi S Set","眠狗龍S腕甲","バギィSアーム","Baggi Vambraces S","4","arm","general","36",,"-4","-1","-1","2","1","1","1",,"睡眠耐性","2","冰屬性攻擊強化","1",,,,
"眠狗龍S系列","バギィS","Baggi S Set","眠狗龍S腰甲","バギィSコイル","Baggi Coil S","4","waist","general","36",,"-4","-1","-1","2","1","1",,,"攻擊","2","睡眠耐性","1",,,,
"眠狗龍S系列","バギィS","Baggi S Set","眠狗龍S護腿","バギィSグリーヴ","Baggi Greaves S","4","leg","general","36",,"-4","-1","-1","2","1","2","1",,"攻擊","1",,,,,,
"青熊獸S系列","アシラS","Arzuros S Set","青熊獸S頭盔","アシラSヘルム","Arzuros Helm S","4","helm","general","36",,"-2","0","-2","0","0","1","1",,"不屈","1","防禦","1",,,,
"青熊獸S系列","アシラS","Arzuros S Set","青熊獸S鎧甲","アシラSメイル","Arzuros Mail S","4","chest","general","36",,"-2","0","-2","0","0","2",,,"逆襲","1",,,,,,
"青熊獸S系列","アシラS","Arzuros S Set","青熊獸S腕甲","アシラSアーム","Arzuros Vambraces S","4","arm","general","36",,"-2","0","-2","0","0","1",,,"防禦","2","逆襲","1",,,,
"青熊獸S系列","アシラS","Arzuros S Set","青熊獸S腰甲","アシラSコイル","Arzuros Coil S","4","waist","general","36",,"-2","0","-2","0","0","1","1",,"逆襲","1","防禦","1",,,,
"青熊獸S系列","アシラS","Arzuros S Set","青熊獸S護腿","アシラSグリーヴ","Arzuros Greaves S","4","leg","general","36",,"-2","0","-2","0","0","3","2","1",,,,,,,,
"赤甲獸S系列","ラングロS","Volvidon S Set","赤甲獸S頭盔","ラングロSヘルム","Volvidon Helm S","4","helm","general","50",,"2","-3","0","-1","1","1","1",,"麻痺屬性強化","2","鈍器能手","1",,,,
"赤甲獸S系列","ラングロS","Volvidon S Set","赤甲獸S鎧甲","ラングロSメイル","Volvidon Mail S","4","chest","general","50",,"2","-3","0","-1","1","2",,,"跳躍鐵人","1","高速變形","1",,,,
"赤甲獸S系列","ラングロS","Volvidon S Set","赤甲獸S腕甲","ラングロSアーム","Volvidon Vambraces S","4","arm","general","50",,"2","-3","0","-1","1","1","1","1","迴避距離UP","1","麻痺屬性強化","1",,,,
"赤甲獸S系列","ラングロS","Volvidon S Set","赤甲獸S腰甲","ラングロSコイル","Volvidon Coil S","4","waist","general","50",,"2","-3","0","-1","1","1","1",,"鈍器能手","1","高速變形","1",,,,
"赤甲獸S系列","ラングロS","Volvidon S Set","赤甲獸S護腿","ラングロSグリーヴ","Volvidon Greaves S","4","leg","general","50",,"2","-3","0","-1","1","1","1",,"迴避距離UP","2","高速變形","1",,,,
"水獸S系列","ルドロスS","Ludroth S Set","水獸S頭盔","ルドロスSヘルム","Ludroth Helm S","4","helm","general","48",,"-3","4","-1","0","0","1","1",,"無傷","1","跑者","1",,,,
"水獸S系列","ルドロスS","Ludroth S Set","水獸S鎧甲","ルドロスSメイル","Ludroth Mail S","4","chest","general","48",,"-3","4","-1","0","0","2",,,"耐力急速回復","2",,,,,,
"水獸S系列","ルドロスS","Ludroth S Set","水獸S腕甲","ルドロスSアーム","Ludroth Braces S","4","arm","general","48",,"-3","4","-1","0","0","2","1","1","跑者","1",,,,,,
"水獸S系列","ルドロスS","Ludroth S Set","水獸S腰甲","ルドロスSコイル","Ludroth Coil S","4","waist","general","48",,"-3","4","-1","0","0","1",,,"無傷","2","跑者","1",,,,
"水獸S系列","ルドロスS","Ludroth S Set","水獸S護腿","ルドロスSグリーヴ","Ludroth Greaves S","4","leg","general","48",,"-3","4","-1","0","0","3",,,"強化持續","2",,,,,,
"土砂龍S系列","ボロスS","Barroth S Set","土砂龍S頭盔","ボロスSヘルム","Barroth Helm S","4","helm","general","50",,"-3","-1","3","-1","0","2","1",,"攻擊","1","攻擊守勢","1","防禦","1",,
"土砂龍S系列","ボロスS","Barroth S Set","土砂龍S鎧甲","ボロスSメイル","Barroth Mail S","4","chest","general","50",,"-3","-1","3","-1","0","2",,,"防禦","2","攻擊","1",,,,
"土砂龍S系列","ボロスS","Barroth S Set","土砂龍S腕甲","ボロスSアーム","Barroth Vambraces S","4","arm","general","50",,"-3","-1","3","-1","0","1","1",,"攻擊","2","滑走強化","1",,,,
"土砂龍S系列","ボロスS","Barroth S Set","土砂龍S腰甲","ボロスSコイル","Barroth Coil S","4","waist","general","50",,"-3","-1","3","-1","0","1",,,"防禦性能","2","防禦","1",,,,
"土砂龍S系列","ボロスS","Barroth S Set","土砂龍S護腿","ボロスSグリーヴ","Barroth Greaves S","4","leg","general","50",,"-3","-1","3","-1","0","2","1",,"攻擊守勢","1","防禦","1","防禦性能","1",,
"奇怪龍S系列","フルフルS","Khezu S Set","奇怪龍S頭盔","フルフルSヘルム","Khezu Helm S","4","helm","general","38",,"-4","1","4","2","1","1",,,"集中","1","體力回復量UP","1",,,,
"奇怪龍S系列","フルフルS","Khezu S Set","奇怪龍S鎧甲","フルフルSメイル","Khezu Mail S","4","chest","general","38",,"-4","1","4","2","1","1","1",,"飛簷走壁","1","體力回復量UP","1",,,,
"奇怪龍S系列","フルフルS","Khezu S Set","奇怪龍S腕甲","フルフルSアーム","Khezu Vambraces S","4","arm","general","38",,"-4","1","4","2","1","1","1",,"雷屬性攻擊強化","2","回復速度","1","飛簷走壁","1",,
"奇怪龍S系列","フルフルS","Khezu S Set","奇怪龍S腰甲","フルフルSコイル","Khezu Coil S","4","waist","general","38",,"-4","1","4","2","1","1","1",,"KO術","1","集中","1",,,,
"奇怪龍S系列","フルフルS","Khezu S Set","奇怪龍S護腿","フルフルSグリーヴ","Khezu Greaves S","4","leg","general","38",,"-4","1","4","2","1","1","1",,"KO術","1","回復速度","1","集中","1",,
"搔鳥S系列","クルルS","Kulu S Set","搔鳥S頭盔","クルルSヘルム","Kulu-Ya-Ku Helm S","4","helm","general","38",,"0","-3","0","1","0","1","1",,"精神抖擻","1",,,,,,
"搔鳥S系列","クルルS","Kulu S Set","搔鳥S鎧甲","クルルSメイル","Kulu-Ya-Ku Mail S","4","chest","general","38",,"0","-3","0","1","0","2",,,"KO術","2","吹笛名人","1",,,,
"搔鳥S系列","クルルS","Kulu S Set","搔鳥S腕甲","クルルSアーム","Kulu-Ya-Ku Braces S","4","arm","general","38",,"0","-3","0","1","0","2",,,"奪取耐力","2","KO術","1",,,,
"搔鳥S系列","クルルS","Kulu S Set","搔鳥S腰甲","クルルSコイル","Kulu-Ya-Ku Coil S","4","waist","general","38",,"0","-3","0","1","0","1","1",,"奪取耐力","1","精神抖擻","1",,,,
"搔鳥S系列","クルルS","Kulu S Set","搔鳥S護腿","クルルSグリーヴ","Kulu-Ya-Ku Greaves S","4","leg","general","38",,"0","-3","0","1","0","1",,,"看破","2","昏厥耐性","1",,,,
"狗龍S偽裝系列","ジャギィSフェイク","Jaggi Mask S Set","狗龍S偽裝","ジャギィSフェイク","Jaggi Mask S","4","helm","general","36",,"0","0","0","0","0","2",,,"滑走強化","1",,,,,,
"白兔獸S系列","ウルクS","Lagombi S Set","白兔獸S頭盔","ウルクSヘルム","Lagombi Helm S","4","helm","general","36",,"-3","1","0","3","0","3",,,"冰屬性攻擊強化","2","看破","1",,,,
"白兔獸S系列","ウルクS","Lagombi S Set","白兔獸S鎧甲","ウルクSメイル","Lagombi Mail S","4","chest","general","36",,"-3","1","0","3","0","1","1",,"滑走強化","1","體術","1",,,,
"白兔獸S系列","ウルクS","Lagombi S Set","白兔獸S腕甲","ウルクSアーム","Lagombi Vambraces S","4","arm","general","36",,"-3","1","0","3","0","2","1",,"看破","2","冰屬性攻擊強化","1",,,,
"白兔獸S系列","ウルクS","Lagombi S Set","白兔獸S腰甲","ウルクSコイル","Lagombi Coil S","4","waist","general","36",,"-3","1","0","3","0","2",,,"體術","2",,,,,,
"白兔獸S系列","ウルクS","Lagombi S Set","白兔獸S護腿","ウルクSグリーヴ","Lagombi Greaves S","4","leg","general","36",,"-3","1","0","3","0","1","1",,"看破","1","跳躍鐵人","1",,,,
"骨製S系列","ボーンS","Bone S Set","骨製S頭盔","ボーンSヘルム","Bone Helm S","4","helm","general","32",,"0","0","0","-1","0","1",,,"奪取耐力","1","破壞王","1",,,,
"骨製S系列","ボーンS","Bone S Set","骨製S鎧甲","ボーンSメイル","Bone Mail S","4","chest","general","32",,"0","0","0","-1","0","1",,,"奪取耐力","1","跑者","1",,,,
"骨製S系列","ボーンS","Bone S Set","骨製S腕甲","ボーンSアーム","Bone Vambraces S","4","arm","general","32",,"0","0","0","-1","0","1","1",,"奪取耐力","1","泥雪耐性","1",,,,
"骨製S系列","ボーンS","Bone S Set","骨製S腰甲","ボーンSコイル","Bone Coil S","4","waist","general","32",,"0","0","0","-1","0","2","1",,"集中","1",,,,,,
"骨製S系列","ボーンS","Bone S Set","骨製S護腿","ボーンSグリーヴ","Bone Greaves S","4","leg","general","32",,"0","0","0","-1","0","2",,,"泥雪耐性","2","集中","1",,,,
"杜賓系列","ドーベル","Dober Set","杜賓頭盔","ドーベルヘルム","Dober Helm","5","helm","general","52",,"-2","0","0","0","4","1","1",,"攻擊","1","火場怪力","1","龍屬性攻擊強化","1",,
"杜賓系列","ドーベル","Dober Set","杜賓鎧甲","ドーベルメイル","Dober Mail","5","chest","general","52",,"-2","0","0","0","4","1",,,"強化持續","1","火場怪力","1","集中","1","龍屬性攻擊強化","1"
"杜賓系列","ドーベル","Dober Set","杜賓腕甲","ドーベルアーム","Dober Vambraces","5","arm","general","52",,"-2","0","0","0","4","2","1","1","強化持續","1","龍屬性攻擊強化","1",,,,
"杜賓系列","ドーベル","Dober Set","杜賓腰甲","ドーベルコイル","Dober Coil","5","waist","general","52",,"-2","0","0","0","4","2",,,"攻擊","2","龍屬性攻擊強化","1",,,,
"杜賓系列","ドーベル","Dober Set","杜賓護腿","ドーベルグリーヴ","Dober Greaves","5","leg","general","52",,"-2","0","0","0","4","2",,,"火場怪力","1","集中","1","龍屬性攻擊強化","1",,
"花瓣S系列","メルホアS","Melahoa S Set","花瓣S綻放","メルホアSフロール","Melahoa Hat S","5","helm","general","52",,"0","1","3","0","0","2","2",,"麻痺耐性","2",,,,,,
"花瓣S系列","メルホアS","Melahoa S Set","花瓣S枝幹","メルホアSトロンコ","Melahoa Jacket S","5","chest","general","52",,"0","1","3","0","0","1","1",,"植生學","2","體力回復量UP","1",,,,
"花瓣S系列","メルホアS","Melahoa S Set","花瓣S枝葉","メルホアSラーマ","Melahoa Branch S","5","arm","general","52",,"0","1","3","0","0","1","1",,"植生學","1","體力回復量UP","1","麻痺耐性","1",,
"花瓣S系列","メルホアS","Melahoa S Set","花瓣S葉片","メルホアSオッハ","Melahoa Folia S","5","waist","general","52",,"0","1","3","0","0","2",,,"回復速度","1","植生學","1",,,,
"花瓣S系列","メルホアS","Melahoa S Set","花瓣S紮根","メルホアSライース","Melahoa Roots S","5","leg","general","52",,"0","1","3","0","0","1","1",,"回復速度","2","體力回復量UP","1",,,,
"魚鱗S系列","マカルパS","Makluva S Set","魚鱗S兜帽","マカルパSフード","Makluva Hood S","5","helm","general","52",,"1","2","-2","0","0","2","2",,"睡眠耐性","2",,,,,,
"魚鱗S系列","マカルパS","Makluva S Set","魚鱗S洋裝","マカルパSペプラム","Makluva Cover S","5","chest","general","52",,"1","2","-2","0","0","1",,,"水屬性攻擊強化","3",,,,,,
"魚鱗S系列","マカルパS","Makluva S Set","魚鱗S袖","マカルパSスリーブ","Makluva Sleeves S","5","arm","general","52",,"1","2","-2","0","0","2",,,"泡沫之舞","1","飛身躍入","1",,,,
"魚鱗S系列","マカルパS","Makluva S Set","魚鱗S腰甲","マカルパSコイル","Makluva Coil S","5","waist","general","52",,"1","2","-2","0","0","3",,,"睡眠耐性","1",,,,,,
"魚鱗S系列","マカルパS","Makluva S Set","魚鱗S長褲","マカルパSパンツ","Makluva Pants S","5","leg","general","52",,"1","2","-2","0","0","1","1",,"快吃","1","泡沫之舞","1",,,,
"死神S系列","デスギアS","Death Stench S Set","死神S首腦","デスギアSゲヒル","Death Stench Brain S","5","helm","general","52",,"3","1","1","-1","0","2",,,"剛刃研磨","1",,,,,,
"死神S系列","デスギアS","Death Stench S Set","死神S肌肉","デスギアSムスケル","Death Stench Muscle S","5","chest","general","52",,"3","1","1","-1","0","2",,,"不屈","1","高速變形","1",,,,
"死神S系列","デスギアS","Death Stench S Set","死神S雙手","デスギアSファオスト","Death Stench Grip S","5","arm","general","52",,"3","1","1","-1","0","1",,,"精神抖擻","2",,,,,,
"死神S系列","デスギアS","Death Stench S Set","死神S臍帶","デスギアSナーベル","Death Stench Bowels S","5","waist","general","52",,"3","1","1","-1","0","1","1",,"剛刃研磨","1","精神抖擻","1",,,,
"死神S系列","デスギアS","Death Stench S Set","死神S腳跟","デスギアSフェルゼ","Death Stench Heel S","5","leg","general","52",,"3","1","1","-1","0","1","1",,"剛刃研磨","1","高速變形","1",,,,
"南瓜S系列","マギュルS","Mosgharl S Set","南瓜S綻放","マギュルSフロール","Mosgharl Vizor S","5","helm","general","52",,"-3","1","0","3","0","2","2",,"爆破異常狀態的耐性","2",,,,,,
"南瓜S系列","マギュルS","Mosgharl S Set","南瓜S枝幹","マギュルSトロンコ","Mosgharl Ribplate S","5","chest","general","52",,"-3","1","0","3","0","2",,,"裝填速度","2",,,,,,
"南瓜S系列","マギュルS","Mosgharl S Set","南瓜S枝葉","マギュルSラーマ","Mosgharl Creeper S","5","arm","general","52",,"-3","1","0","3","0","2","1","1","減輕膽怯","1","爆破異常狀態的耐性","1",,,,
"南瓜S系列","マギュルS","Mosgharl S Set","南瓜S葉片","マギュルSオッハ","Mosgharl Folia S","5","waist","general","52",,"-3","1","0","3","0","1",,,"火屬性攻擊強化","3",,,,,,
"南瓜S系列","マギュルS","Mosgharl S Set","南瓜S紮根","マギュルSライース","Mosgharl Roots S","5","leg","general","52",,"-3","1","0","3","0","2","1",,"後座力減輕","2",,,,,,
"海境S系列","ヴァイクS","Vaik S Set","海境S頭盔","ヴァイクSヘルム","Vaik Helm S","5","helm","general","52",,"0","3","-2","-1","0","2","1",,"裝填擴充","2",,,,,,
"海境S系列","ヴァイクS","Vaik S Set","海境S鎧甲","ヴァイクSメイル","Vaik Mail S","5","chest","general","52",,"0","3","-2","-1","0","3","2","1",,,,,,,,
"海境S系列","ヴァイクS","Vaik S Set","海境S腕甲","ヴァイクSアーム","Vaik Braces S","5","arm","general","52",,"0","3","-2","-1","0","1","1",,"通常彈・連射箭強化","2",,,,,,
"海境S系列","ヴァイクS","Vaik S Set","海境S腰甲","ヴァイクSコイル","Vaik Coil S","5","waist","general","52",,"0","3","-2","-1","0","2",,,"通常彈・連射箭強化","1",,,,,,
"海境S系列","ヴァイクS","Vaik S Set","海境S護腿","ヴァイクSグリーヴ","Vaik Greaves S","5","leg","general","52",,"0","3","-2","-1","0","3","1",,"裝填擴充","1",,,,,,
"倪泰表・霸系列","ウツシ表・覇","Utsushi S Set (Visible)","倪泰表【蒙面】霸","ウツシ表【覆面】覇","Utsushi Mask (Visible) S","5","helm","male","52",,"3","0","0","0","0","1",,,"幸運","1","快吃","1","滿足感","1",,
"倪泰表・霸系列","ウツシ表・覇","Utsushi S Set (Visible)","倪泰表【上衣】霸","ウツシ表【上衣】覇","Utsushi Chest (Visible) S","5","chest","male","52",,"3","0","0","0","0","1","1",,"幸運","1","廣域化","1",,,,
"倪泰表・霸系列","ウツシ表・覇","Utsushi S Set (Visible)","倪泰表【手甲】霸","ウツシ表【手甲】覇","Utsushi Braces (Visible) S","5","arm","male","52",,"3","0","0","0","0","3",,,"廣域化","1",,,,,,
"倪泰表・霸系列","ウツシ表・覇","Utsushi S Set (Visible)","倪泰表【腰卷】霸","ウツシ表【腰巻】覇","Utsushi Tassets (Visible) S","5","waist","male","52",,"3","0","0","0","0","2",,,"快吃","1","滿足感","1",,,,
"倪泰表・霸系列","ウツシ表・覇","Utsushi S Set (Visible)","倪泰表【綁腿】霸","ウツシ表【脚絆】覇","Utsushi Greaves (Visible) S","5","leg","male","52",,"3","0","0","0","0","1",,,"幸運","1","廣域化","1","滿足感","1",,
"神凪・願系列","神凪・願","Channeler S Set","神凪・願【元結】","神凪・願【元結】","Channeler's Hair-tie S","5","helm","female","52",,"3","0","0","0","0","1",,,"利刃","2","彈藥節約","2","翔蟲能手","1",,
"神凪・願系列","神凪・願","Channeler S Set","神凪・願【白衣】","神凪・願【白衣】","Channeler's Robe S","5","chest","female","52",,"3","0","0","0","0","1",,,"利刃","1","彈藥節約","1","挑戰者","1","迴避性能","1"
"神凪・願系列","神凪・願","Channeler S Set","神凪・願【花袖】","神凪・願【花袖】","Channeler's Hope S","5","arm","female","52",,"3","0","0","0","0","2",,,"翔蟲能手","1","迴避性能","1",,,,
"神凪・願系列","神凪・願","Channeler S Set","神凪・願【腰卷】","神凪・願【腰巻】","Channeler's Obi S","5","waist","female","52",,"3","0","0","0","0","1",,,"挑戰者","2","翔蟲能手","1",,,,
"神凪・願系列","神凪・願","Channeler S Set","神凪・願【緋袴】","神凪・願【緋袴】","Channeler's Hakama S","5","leg","female","52",,"3","0","0","0","0","1","1",,"挑戰者","1","迴避性能","1",,,,
"倪泰裡・霸系列","ウツシ裏・覇","Utsushi S Set (Hidden)","倪泰裡【蒙面】霸","ウツシ裏【御面】覇","Utsushi Mask (Hidden) S","5","helm","male","52",,"3","0","0","0","0","1",,,"利刃","2","彈藥節約","2","翔蟲能手","1",,
"倪泰裡・霸系列","ウツシ裏・覇","Utsushi S Set (Hidden)","倪泰裡【上衣】霸","ウツシ裏【上衣】覇","Utsushi Chest (Hidden) S","5","chest","male","52",,"3","0","0","0","0","1",,,"利刃","1","彈藥節約","1","挑戰者","1","迴避性能","1"
"倪泰裡・霸系列","ウツシ裏・覇","Utsushi S Set (Hidden)","倪泰裡【手甲】霸","ウツシ裏【手甲】覇","Utsushi Braces (Hidden) S","5","arm","male","52",,"3","0","0","0","0","2",,,"翔蟲能手","1","迴避性能","1",,,,
"倪泰裡・霸系列","ウツシ裏・覇","Utsushi S Set (Hidden)","倪泰裡【腰卷】霸","ウツシ裏【腰巻】覇","Utsushi Tassets (Hidden) S","5","waist","male","52",,"3","0","0","0","0","1",,,"挑戰者","2","翔蟲能手","1",,,,
"倪泰裡・霸系列","ウツシ裏・覇","Utsushi S Set (Hidden)","倪泰裡【綁腿】霸","ウツシ裏【脚絆】覇","Utsushi Greaves (Hidden) S","5","leg","male","52",,"3","0","0","0","0","1","1",,"挑戰者","1","迴避性能","1",,,,
"依巫・祈系列","依巫・祈","Medium S Set","依巫・祈【元結】","依巫・祈【元結】","Medium's Hair-tie S","5","helm","female","52",,"3","0","0","0","0","1",,,"幸運","1","快吃","1","滿足感","1",,
"依巫・祈系列","依巫・祈","Medium S Set","依巫・祈【白衣】","依巫・祈【白衣】","Medium's Robe S","5","chest","female","52",,"3","0","0","0","0","1","1",,"幸運","1","廣域化","1",,,,
"依巫・祈系列","依巫・祈","Medium S Set","依巫・祈【花袖】","依巫・祈【花袖】","Medium's Prayer S","5","arm","female","52",,"3","0","0","0","0","3",,,"廣域化","1",,,,,,
"依巫・祈系列","依巫・祈","Medium S Set","依巫・祈【腰卷】","依巫・祈【腰巻】","Medium's Obi S","5","waist","female","52",,"3","0","0","0","0","2",,,"快吃","1","滿足感","1",,,,
"依巫・祈系列","依巫・祈","Medium S Set","依巫・祈【緋袴】","依巫・祈【緋袴】","Medium's Hakama S","5","leg","female","52",,"3","0","0","0","0","1",,,"幸運","1","廣域化","1","滿足感","1",,
"貝殼S系列","アルブーロS","Shell-Studded S Set","貝殼S頭部","アルブーロSヘッド","Shell-Studded Hat S","5","helm","general","52",,"0","2","1","-1","0","2","1",,"彈道強化","2",,,,,,
"貝殼S系列","アルブーロS","Shell-Studded S Set","貝殼S服飾","アルブーロSベスト","Shell-Studded Vest S","5","chest","general","52",,"0","2","1","-1","0","1","1",,"貫通彈・貫通箭強化","1","通常彈・連射箭強化","1",,,,
"貝殼S系列","アルブーロS","Shell-Studded S Set","貝殼S拳套","アルブーロSグローブ","Shell-Studded Gloves S","5","arm","general","52",,"0","2","1","-1","0","1","1",,"散彈・擴散箭強化","1","通常彈・連射箭強化","1",,,,
"貝殼S系列","アルブーロS","Shell-Studded S Set","貝殼S纏腰布","アルブーロSパレオ","Shell-Studded Sash S","5","waist","general","52",,"0","2","1","-1","0","3","1",,"彈道強化","1",,,,,,
"貝殼S系列","アルブーロS","Shell-Studded S Set","貝殼S涼鞋","アルブーロSサンダル","Shell-Studded Sandals S","5","leg","general","52",,"0","2","1","-1","0","1","1",,"散彈・擴散箭強化","1","貫通彈・貫通箭強化","1",,,,
"天狗獸S系列","テンゴS","Bishaten S Set","天狗獸S頭盔","テンゴSヘルム","Bishaten Helm S","5","helm","general","52",,"-2","2","2","-4","2","1",,,"廣域化","1","昏厥耐性","1","道具使用強化","1",,
"天狗獸S系列","テンゴS","Bishaten S Set","天狗獸S鎧甲","テンゴSメイル","Bishaten Mail S","5","chest","general","52",,"-2","2","2","-4","2","3",,,"廣域化","1",,,,,,
"天狗獸S系列","テンゴS","Bishaten S Set","天狗獸S腕甲","テンゴSアーム","Bishaten Vambraces S","5","arm","general","52",,"-2","2","2","-4","2","3",,,"昏厥耐性","1","道具使用強化","1",,,,
"天狗獸S系列","テンゴS","Bishaten S Set","天狗獸S腰甲","テンゴSコイル","Bishaten Coil S","5","waist","general","52",,"-2","2","2","-4","2","1","1",,"精神抖擻","1","道具使用強化","1",,,,
"天狗獸S系列","テンゴS","Bishaten S Set","天狗獸S護腿","テンゴSグリーヴ","Bishaten Greaves S","5","leg","general","52",,"-2","2","2","-4","2","2","1","1","精神抖擻","1",,,,,,
"人魚龍S系列","イソネS","Somnacanth S Set","人魚龍S頭盔","イソネSヘルム","Somnacanth Helm S","5","helm","general","58",,"-1","2","-3","0","1","2","1",,"睡眠屬性強化","1",,,,,,
"人魚龍S系列","イソネS","Somnacanth S Set","人魚龍S鎧甲","イソネSメイル","Somnacanth Mail S","5","chest","general","58",,"-1","2","-3","0","1","1","1",,"睡眠屬性強化","1","道具使用強化","1",,,,
"人魚龍S系列","イソネS","Somnacanth S Set","人魚龍S腕甲","イソネSアーム","Somnacanth Braces S","5","arm","general","58",,"-1","2","-3","0","1","2",,,"炸彈客","2","精靈加護","1",,,,
"人魚龍S系列","イソネS","Somnacanth S Set","人魚龍S腰甲","イソネSコイル","Somnacanth Coil S","5","waist","general","58",,"-1","2","-3","0","1","3",,,"炸彈客","1","睡眠屬性強化","1",,,,
"人魚龍S系列","イソネS","Somnacanth S Set","人魚龍S護腿","イソネSグリーヴ","Somnacanth Greaves S","5","leg","general","58",,"-1","2","-3","0","1","1","1",,"精靈加護","2",,,,,,
"翼蛇龍S系列","ガブラスS","Remobra S Set","翼蛇龍S頭飾","ガブラスSヘッド","Remobra Headgear S","5","helm","general","52",,"1","1","1","1","3","2",,,"風壓耐性","2",,,,,,
"翼蛇龍S系列","ガブラスS","Remobra S Set","翼蛇龍套裝S衣裝","ガブラスーツSボディ","Remobra Suit S","5","chest","general","52",,"1","1","1","1","3","1","1",,"超會心","1",,,,,,
"翼蛇龍S系列","ガブラスS","Remobra S Set","翼蛇龍套裝S手套","ガブラスーツSグラブ","Remobra Gloves S","5","arm","general","52",,"1","1","1","1","3","2",,,"會心擊【屬性】","1","風壓耐性","1",,,,
"翼蛇龍S系列","ガブラスS","Remobra S Set","翼蛇龍套裝S腰帶","ガブラスーツSベルト","Remobra Belt S","5","waist","general","52",,"1","1","1","1","3","1","1",,"會心擊【屬性】","2",,,,,,
"翼蛇龍S系列","ガブラスS","Remobra S Set","翼蛇龍套裝S鞋子","ガブラスーツSフット","Remobra Feet S","5","leg","general","52",,"1","1","1","1","3","1","1",,"弱點特效","1",,,,,,
"熔岩獸S系列","コトルS","Uroktor S Set","熔岩獸S鎧甲","コトルSメイル","Uroktor Torso S","5","chest","general","52",,"4","-2","0","-1","0","2",,,"火屬性攻擊強化","3",,,,,,
"熔岩獸S系列","コトルS","Uroktor S Set","熔岩獸S腰甲","コトルSコイル","Uroktor Coil S","5","waist","general","52",,"4","-2","0","-1","0","2","1",,"火屬性攻擊強化","2",,,,,,
"冰牙龍S系列","ベリオS","Barioth S Set","冰牙龍S頭盔","ベリオSヘルム","Barioth Helm S","5","helm","general","58",,"-3","0","-1","3","0","1",,,"拔刀術【技】","2",,,,,,
"冰牙龍S系列","ベリオS","Barioth S Set","冰牙龍S鎧甲","ベリオSメイル","Barioth Mail S","5","chest","general","58",,"-3","0","-1","3","0","2","1","1","收刀術","1","精神抖擻","1",,,,
"冰牙龍S系列","ベリオS","Barioth S Set","冰牙龍S腕甲","ベリオSアーム","Barioth Vambraces S","5","arm","general","58",,"-3","0","-1","3","0","2",,,"收刀術","1","看破","1","精神抖擻","1",,
"冰牙龍S系列","ベリオS","Barioth S Set","冰牙龍S腰甲","ベリオSコイル","Barioth Coil S","5","waist","general","58",,"-3","0","-1","3","0","1",,,"看破","2","拔刀術【技】","1",,,,
"冰牙龍S系列","ベリオS","Barioth S Set","冰牙龍S護腿","ベリオSグリーヴ","Barioth Greaves S","5","leg","general","58",,"-3","0","-1","3","0","3","1",,"收刀術","1",,,,,,
"雌火龍S系列","レイアS","Rathian S Set","雌火龍S頭盔","レイアSヘルム","Rathian Helm S","5","helm","general","52",,"3","0","-2","0","-3","2","1",,"屬性異常狀態的耐性","1",,,,,,
"雌火龍S系列","レイアS","Rathian S Set","雌火龍S鎧甲","レイアSメイル","Rathian Mail S","5","chest","general","52",,"3","0","-2","0","-3","3","1","1","植生學","1","體力回復量UP","1",,,,
"雌火龍S系列","レイアS","Rathian S Set","雌火龍S腕甲","レイアSアーム","Rathian Braces S","5","arm","general","52",,"3","0","-2","0","-3","1","1",,"屬性異常狀態的耐性","1","廣域化","1",,,,
"雌火龍S系列","レイアS","Rathian S Set","雌火龍S腰甲","レイアSコイル","Rathian Coil S","5","waist","general","52",,"3","0","-2","0","-3","2",,,"體力回復量UP","2","廣域化","1",,,,
"雌火龍S系列","レイアS","Rathian S Set","雌火龍S護腿","レイアSグリーヴ","Rathian Greaves S","5","leg","general","52",,"3","0","-2","0","-3","2",,,"屬性異常狀態的耐性","1","滿足感","1",,,,
"岩龍S系列","バサルS","Basarios S Set","岩龍S頭盔","バサルSヘルム","Basarios Helm S","5","helm","general","52",,"0","-2","1","1","-3","2","1",,"防禦","2","砲彈裝填","1",,,,
"岩龍S系列","バサルS","Basarios S Set","岩龍S鎧甲","バサルSメイル","Basarios Mail S","5","chest","general","52",,"0","-2","1","1","-3","1","1",,"砲彈裝填","1","防禦性能","1",,,,
"岩龍S系列","バサルS","Basarios S Set","岩龍S腕甲","バサルSアーム","Basarios Vambraces S","5","arm","general","52",,"0","-2","1","1","-3","1","1",,"防禦性能","2","砥石使用高速化","1",,,,
"岩龍S系列","バサルS","Basarios S Set","岩龍S腰甲","バサルSコイル","Basarios Coil S","5","waist","general","52",,"0","-2","1","1","-3","2",,,"砥石使用高速化","2","防禦","2",,,,
"岩龍S系列","バサルS","Basarios S Set","岩龍S護腿","バサルSグリーヴ","Basarios Greaves S","5","leg","general","52",,"0","-2","1","1","-3","3",,,"砲彈裝填","1","防禦","1",,,,
"毒妖鳥S系列","プケプケS","Pukei S Set","毒妖鳥S頭盔","プケプケSヘルム","Pukei-Pukei Helm S","5","helm","general","50",,"0","3","-3","0","1","2",,,"彈藥節約","1","特殊射擊強化","1",,,,
"毒妖鳥S系列","プケプケS","Pukei S Set","毒妖鳥S鎧甲","プケプケSメイル","Pukei-Pukei Mail S","5","chest","general","50",,"0","3","-3","0","1","1",,,"體術","2","特殊射擊強化","1",,,,
"毒妖鳥S系列","プケプケS","Pukei S Set","毒妖鳥S腕甲","プケプケSアーム","Pukei-Pukei Braces S","5","arm","general","50",,"0","3","-3","0","1","2",,,"彈藥節約","1","彈道強化","1",,,,
"毒妖鳥S系列","プケプケS","Pukei S Set","毒妖鳥S腰甲","プケプケSコイル","Pukei-Pukei Coil S","5","waist","general","50",,"0","3","-3","0","1","2","1",,"毒屬性強化","2","彈藥節約","1",,,,
"毒妖鳥S系列","プケプケS","Pukei S Set","毒妖鳥S護腿","プケプケSグリーヴ","Pukei-Pukei Greaves S","5","leg","general","50",,"0","3","-3","0","1","1","1","1","彈道強化","1","體術","1",,,,
"泥魚龍系列","ジュラ","Jyura Set","泥魚龍頭盔","ジュラヘルム","Jyuratodus Helm","5","helm","general","48",,"-1","2","-3","0","0","2","1",,"攻擊守勢","1","迴避距離UP","1",,,,
"泥魚龍系列","ジュラ","Jyura Set","泥魚龍鎧甲","ジュラメイル","Jyuratodus Mail","5","chest","general","48",,"-1","2","-3","0","0","1","1","1","強化持續","2","迴避距離UP","1",,,,
"泥魚龍系列","ジュラ","Jyura Set","泥魚龍腕甲","ジュラアーム","Jyuratodus Vambraces","5","arm","general","48",,"-1","2","-3","0","0","3","2","1",,,,,,,,
"泥魚龍系列","ジュラ","Jyura Set","泥魚龍腰甲","ジュラコイル","Jyuratodus Coil","5","waist","general","48",,"-1","2","-3","0","0","1","1",,"強化持續","1","攻擊守勢","1","防禦強化","1",,
"泥魚龍系列","ジュラ","Jyura Set","泥魚龍護腿","ジュラグリーヴ","Jyuratodus Greaves","5","leg","general","48",,"-1","2","-3","0","0","2","1","1","防禦強化","2",,,,,,
"飛雷龍S系列","カガチS","Kadachi S Set","飛雷龍S頭盔","カガチSヘルム","Kadachi Helm S","5","helm","general","58",,"0","-3","3","0","0","1","1",,"看破","1","跳躍鐵人","1","體術","1",,
"飛雷龍S系列","カガチS","Kadachi S Set","飛雷龍S鎧甲","カガチSメイル","Tobi-Kadachi Mail S","5","chest","general","58",,"0","-3","3","0","0","3",,,"心眼","1","看破","1",,,,
"飛雷龍S系列","カガチS","Kadachi S Set","飛雷龍S腕甲","カガチSアーム","Tobi-Kadachi Braces S","5","arm","general","58",,"0","-3","3","0","0","2",,,"體術","3",,,,,,
"飛雷龍S系列","カガチS","Kadachi S Set","飛雷龍S腰甲","カガチSコイル","Tobi-Kadachi Coil S","5","waist","general","58",,"0","-3","3","0","0","1","1",,"心眼","2",,,,,,
"飛雷龍S系列","カガチS","Kadachi S Set","飛雷龍S護腿","カガチSグリーヴ","Kadachi Greaves S","5","leg","general","58",,"0","-3","3","0","0","2","1",,"看破","2","體術","1",,,,
"鉻合金系列","クロムメタル","Chrome Metal Set","鉻合金腰甲","クロムメタルコイル","Chrome Metal Coil","5","waist","general","46",,"-2","-2","-2","-2","-2","3","2","1",,,,,,,,
"鉻合金系列","クロムメタル","Chrome Metal Set","鉻合金靴","クロムメタルブーツ","Chrome Metal Boots","5","leg","general","46",,"-2","-2","-2","-2","-2","3",,,"減輕膽怯","2",,,,,,
"骷髏S系列","スカルS","Skull S Set","骷髏S頭飾","スカルSヘッド","Skull Visage S","5","helm","general","50",,"-3","-3","-3","-3","4","3","2",,"不屈","1",,,,,,
"鍬形S系列","ロワーガS","Aelucanth S Set","鍬形S護頭","ロワーガSテスタ","Aelucanth Vertex S","6","helm","male","62",,"-2","0","3","-2","2","1",,,"會心擊【屬性】","2",,,,,,
"鍬形S系列","ロワーガS","Aelucanth S Set","鍬形S上身","ロワーガSペット","Aelucanth Thorax S","6","chest","male","62",,"-2","0","3","-2","2","1",,,"看破","2","會心擊【屬性】","1","龍屬性攻擊強化","1",,
"鍬形S系列","ロワーガS","Aelucanth S Set","鍬形S護袖","ロワーガSマーノ","Aelucanth Brachia S","6","arm","male","62",,"-2","0","3","-2","2","3",,,"迴避性能","1",,,,,,
"鍬形S系列","ロワーガS","Aelucanth S Set","鍬形S護腰具","ロワーガSアンカ","Aelucanth Elytra S","6","waist","male","62",,"-2","0","3","-2","2","1",,,"龍屬性攻擊強化","3",,,,,,
"鍬形S系列","ロワーガS","Aelucanth S Set","鍬形S腳","ロワーガSガンバ","Aelucanth Crura S","6","leg","male","62",,"-2","0","3","-2","2","1","1",,"看破","2","龍屬性攻擊強化","1",,,,
"鳳蝶S系列","ファルメルS","Rhopessa S Set","鳳蝶S護頭","ファルメルSテスタ","Rhopessa Vertex S","6","helm","female","62",,"-2","0","3","-2","2","1",,,"會心擊【屬性】","2",,,,,,
"鳳蝶S系列","ファルメルS","Rhopessa S Set","鳳蝶S上身","ファルメルSペット","Rhopessa Thorax S","6","chest","female","62",,"-2","0","3","-2","2","1",,,"看破","2","會心擊【屬性】","1","龍屬性攻擊強化","1",,
"鳳蝶S系列","ファルメルS","Rhopessa S Set","鳳蝶S護袖","ファルメルSマーノ","Rhopessa Brachia S","6","arm","female","62",,"-2","0","3","-2","2","3",,,"迴避性能","1",,,,,,
"鳳蝶S系列","ファルメルS","Rhopessa S Set","鳳蝶S護腰具","ファルメルSアンカ","Rhopessa Elytra S","6","waist","female","62",,"-2","0","3","-2","2","1",,,"龍屬性攻擊強化","3",,,,,,
"鳳蝶S系列","ファルメルS","Rhopessa S Set","鳳蝶S腳","ファルメルSガンバ","Rhopessa Crura S","6","leg","female","62",,"-2","0","3","-2","2","1","1",,"看破","2","龍屬性攻擊強化","1",,,,
"歌德S系列","メデュレトS","Jelly S Set","歌德S帽","メデュレトSハット","Jelly Hat S","6","helm","general","62",,"1","3","0","2","0","3",,,"破壞王","1","精靈加護","1",,,,
"歌德S系列","メデュレトS","Jelly S Set","歌德S服飾","メデュレトSベスト","Jelly Vest S","6","chest","general","62",,"1","3","0","2","0","2","1",,"爆破屬性強化","2",,,,,,
"歌德S系列","メデュレトS","Jelly S Set","歌德S手套","メデュレトSグラブ","Jelly Gloves S","6","arm","general","62",,"1","3","0","2","0","1","1",,"精靈加護","2",,,,,,
"歌德S系列","メデュレトS","Jelly S Set","歌德S腰甲","メデュレトSコイル","Jelly Coil S","6","waist","general","62",,"1","3","0","2","0","2","1",,"破壞王","2",,,,,,
"歌德S系列","メデュレトS","Jelly S Set","歌德S靴","メデュレトSブーツ","Jelly Boots S","6","leg","general","62",,"1","3","0","2","0","3","1",,"爆破屬性強化","1",,,,,,
"妃蜘蛛系列","ヤツカダ","Rakna-Kadaki Set","妃蜘蛛頭盔","ヤツカダヘルム","Rakna Helm","6","helm","general","66",,"4","-2","-1","-3","1","1","1",,"散彈・擴散箭強化","1","裝填速度","1",,,,
"妃蜘蛛系列","ヤツカダ","Rakna-Kadaki Set","妃蜘蛛鎧甲","ヤツカダメイル","Rakna Mail","6","chest","general","66",,"4","-2","-1","-3","1","2","1",,"散彈・擴散箭強化","1","裝填速度","1",,,,
"妃蜘蛛系列","ヤツカダ","Rakna-Kadaki Set","妃蜘蛛腕甲","ヤツカダアーム","Rakna Armguards","6","arm","general","66",,"4","-2","-1","-3","1","2",,,"體術","2","耐力急速回復","1",,,,
"妃蜘蛛系列","ヤツカダ","Rakna-Kadaki Set","妃蜘蛛腰甲","ヤツカダコイル","Rakna Coil","6","waist","general","66",,"4","-2","-1","-3","1","2","2",,"散彈・擴散箭強化","1",,,,,,
"妃蜘蛛系列","ヤツカダ","Rakna-Kadaki Set","妃蜘蛛護腿","ヤツカダグリーヴ","Rakna Greaves","6","leg","general","66",,"4","-2","-1","-3","1","1",,,"耐力急速回復","2","體術","2",,,,
"雪鬼獸S系列","ゴシャS","Goss Harag S Set","雪鬼獸S頭盔","ゴシャSヘルム","Goss Harag Helm S","6","helm","general","64",,"-4","1","-1","4","0","1","1",,"拔刀術【技】","1","挑戰者","1",,,,
"雪鬼獸S系列","ゴシャS","Goss Harag S Set","雪鬼獸S鎧甲","ゴシャSメイル","Goss Harag Mail S","6","chest","general","64",,"-4","1","-1","4","0","2","1",,"怨恨","1","拔刀術【技】","1",,,,
"雪鬼獸S系列","ゴシャS","Goss Harag S Set","雪鬼獸S腕甲","ゴシャSアーム","Goss Harag Braces S","6","arm","general","64",,"-4","1","-1","4","0","2",,,"拔刀術【力】","1","拔刀術【技】","1",,,,
"雪鬼獸S系列","ゴシャS","Goss Harag S Set","雪鬼獸S腰甲","ゴシャSコイル","Goss Harag Coil S","6","waist","general","64",,"-4","1","-1","4","0","2","1",,"怨恨","1","拔刀術【力】","1",,,,
"雪鬼獸S系列","ゴシャS","Goss Harag S Set","雪鬼獸S護腿","ゴシャSグリーヴ","Goss Harag Greaves S","6","leg","general","64",,"-4","1","-1","4","0","1",,,"挑戰者","3","拔刀術【力】","1",,,,
"泥翁龍S系列","オロミドS","Almudron S Set","泥翁龍S頭盔","オロミドSヘルム","Almudron Helm S","6","helm","general","64",,"-4","3","3","-2","-2","2","2",,"高速變形","2",,,,,,
"泥翁龍S系列","オロミドS","Almudron S Set","泥翁龍S鎧甲","オロミドSメイル","Almudron Mail S","6","chest","general","64",,"-4","3","3","-2","-2","1",,,"利刃","2","強化持續","1",,,,
"泥翁龍S系列","オロミドS","Almudron S Set","泥翁龍S腕甲","オロミドSアーム","Almudron Vambraces S","6","arm","general","64",,"-4","3","3","-2","-2","1","1",,"迴避性能","2","高速變形","1",,,,
"泥翁龍S系列","オロミドS","Almudron S Set","泥翁龍S腰甲","オロミドSコイル","Almudron Coil S","6","waist","general","64",,"-4","3","3","-2","-2","2","1",,"強化持續","1","迴避性能","1",,,,
"泥翁龍S系列","オロミドS","Almudron S Set","泥翁龍S護腿","オロミドSグリーヴ","Almudron Greaves S","6","leg","general","64",,"-4","3","3","-2","-2","3","1",,"利刃","1",,,,,,
"丸鳥S偽裝系列","ガーグァSフェイク","Gargwa S Set","丸鳥S偽裝","ガーグァSフェイク","Gargwa Mask S","6","helm","general","54",,"-3","-2","-2","1","0",,,,"幸運","1","飛身躍入","1",,,,
"迅龍S系列","ナルガS","Nargacuga S Set","迅龍S頭盔","ナルガSヘルム","Nargacuga Helm S","6","helm","general","60",,"-2","1","-3","1","1","3",,,"迴避性能","1",,,,,,
"迅龍S系列","ナルガS","Nargacuga S Set","迅龍S鎧甲","ナルガSメイル","Nargacuga Mail S","6","chest","general","60",,"-2","1","-3","1","1","1","1",,"看破","2","迴避性能","1",,,,
"迅龍S系列","ナルガS","Nargacuga S Set","迅龍S腕甲","ナルガSアーム","Nargacuga Braces S","6","arm","general","60",,"-2","1","-3","1","1","1","1",,"迴避性能","1","迴避距離UP","1",,,,
"迅龍S系列","ナルガS","Nargacuga S Set","迅龍S腰甲","ナルガSコイル","Nargacuga Coil S","6","waist","general","60",,"-2","1","-3","1","1","2",,,"迴避距離UP","2","看破","1",,,,
"迅龍S系列","ナルガS","Nargacuga S Set","迅龍S護腿","ナルガSグリーヴ","Nargacuga Greaves S","6","leg","general","60",,"-2","1","-3","1","1","1",,,"迴避性能","2","看破","1",,,,
"火龍S系列","レウスS","Rathalos S Set","火龍S頭盔","レウスSヘルム","Rathalos Helm S","6","helm","general","62",,"3","1","-2","1","-3","1","1",,"攻擊","1","破壞王","1",,,,
"火龍S系列","レウスS","Rathalos S Set","火龍S鎧甲","レウスSメイル","Rathalos Mail S","6","chest","general","62",,"3","1","-2","1","-3","1",,,"攻擊","1","破壞王","1","風壓耐性","1",,
"火龍S系列","レウスS","Rathalos S Set","火龍S腕甲","レウスSアーム","Rathalos Braces S","6","arm","general","62",,"3","1","-2","1","-3","2",,,"攻擊","2",,,,,,
"火龍S系列","レウスS","Rathalos S Set","火龍S腰甲","レウスSコイル","Rathalos Coil S","6","waist","general","62",,"3","1","-2","1","-3","2",,,"攻擊","2","風壓耐性","1",,,,
"火龍S系列","レウスS","Rathalos S Set","火龍S護腿","レウスSグリーヴ","Rathalos Greaves S","6","leg","general","62",,"3","1","-2","1","-3","1","1",,"攻擊","1","破壞王","1",,,,
"轟龍S系列","レックスS","Tigrex S Set","轟龍S頭盔","レックスSヘルム","Tigrex Helm S","6","helm","general","64",,"2","0","-3","0","-2","2","1",,"快吃","1","耳塞","1",,,,
"轟龍S系列","レックスS","Tigrex S Set","轟龍S鎧甲","レックスSメイル","Tigrex Mail S","6","chest","general","64",,"2","0","-3","0","-2","1","1",,"耳塞","2","鈍器能手","1",,,,
"轟龍S系列","レックスS","Tigrex S Set","轟龍S腕甲","レックスSアーム","Tigrex Braces S","6","arm","general","64",,"2","0","-3","0","-2","3",,,"鈍器能手","2","心眼","1",,,,
"轟龍S系列","レックスS","Tigrex S Set","轟龍S腰甲","レックスSコイル","Tigrex Coil S","6","waist","general","64",,"2","0","-3","0","-2","2","1",,"耳塞","2",,,,,,
"轟龍S系列","レックスS","Tigrex S Set","轟龍S護腿","レックスSグリーヴ","Tigrex Greaves S","6","leg","general","64",,"2","0","-3","0","-2","1",,,"快吃","2","心眼","1",,,,
"角龍S系列","ディアブロS","Diablos S Set","角龍S頭盔","ディアブロSヘルム","Diablos Helm S","6","helm","general","64",,"3","-1","-1","-3","-1","2",,,"耐力急速回復","1","防禦性能","1",,,,
"角龍S系列","ディアブロS","Diablos S Set","角龍S鎧甲","ディアブロSメイル","Diablos Mail S","6","chest","general","64",,"3","-1","-1","-3","-1","1",,,"防禦性能","2","攻擊守勢","1",,,,
"角龍S系列","ディアブロS","Diablos S Set","角龍S腕甲","ディアブロSアーム","Diablos Vambraces S","6","arm","general","64",,"3","-1","-1","-3","-1","2","1",,"攻擊守勢","1",,,,,,
"角龍S系列","ディアブロS","Diablos S Set","角龍S腰甲","ディアブロSコイル","Diablos Coil S","6","waist","general","64",,"3","-1","-1","-3","-1","1","1",,"耐力急速回復","1","防禦性能","1",,,,
"角龍S系列","ディアブロS","Diablos S Set","角龍S護腿","ディアブロSグリーヴ","Diablos Greaves S","6","leg","general","64",,"3","-1","-1","-3","-1","2",,,"攻擊守勢","1","防禦性能","1",,,,
"雷狼龍S系列","ジンオウS","Zinogre S Set","雷狼龍S頭盔","ジンオウSヘルム","Zinogre Helm S","6","helm","general","62",,"0","-1","4","-4","1","1",,,"力量解放","1","弱點特效","1",,,,
"雷狼龍S系列","ジンオウS","Zinogre S Set","雷狼龍S鎧甲","ジンオウSメイル","Zinogre Mail S","6","chest","general","62",,"0","-1","4","-4","1","1",,,"力量解放","1","弱點特效","1",,,,
"雷狼龍S系列","ジンオウS","Zinogre S Set","雷狼龍S腕甲","ジンオウSアーム","Zinogre Braces S","6","arm","general","62",,"0","-1","4","-4","1","2",,,"力量解放","1","體術","1",,,,
"雷狼龍S系列","ジンオウS","Zinogre S Set","雷狼龍S腰甲","ジンオウSコイル","Zinogre Coil S","6","waist","general","62",,"0","-1","4","-4","1","3","1",,"力量解放","1",,,,,,
"雷狼龍S系列","ジンオウS","Zinogre S Set","雷狼龍S護腿","ジンオウSグリーヴ","Zinogre Greaves S","6","leg","general","62",,"0","-1","4","-4","1","1",,,"體術","2","力量解放","1",,,,
"蠻顎龍S系列","ジャナフS","Anja S Set","蠻顎龍S頭盔","ジャナフSヘルム","Anjanath Helm S","6","helm","general","60",,"3","-3","-1","-1","0","2",,,"KO術","1","集中","1",,,,
"蠻顎龍S系列","ジャナフS","Anja S Set","蠻顎龍S鎧甲","ジャナフSメイル","Anjanath Mail S","6","chest","general","60",,"3","-3","-1","-1","0","1","1",,"集中","2","跑者","1",,,,
"蠻顎龍S系列","ジャナフS","Anja S Set","蠻顎龍S腕甲","ジャナフSアーム","Anjanath Vambraces S","6","arm","general","60",,"3","-3","-1","-1","0","1",,,"KO術","2","攻擊","2",,,,
"蠻顎龍S系列","ジャナフS","Anja S Set","蠻顎龍S腰甲","ジャナフSコイル","Anjanath Coil S","6","waist","general","60",,"3","-3","-1","-1","0","2","1","1","攻擊","2",,,,,,
"蠻顎龍S系列","ジャナフS","Anja S Set","蠻顎龍S護腿","ジャナフSグリーヴ","Anjanath Greaves S","6","leg","general","60",,"3","-3","-1","-1","0","2",,,"跑者","2",,,,,,
"知性眼鏡系列","知略の眼鏡","Cunning Specs Set","知性眼鏡","知略の眼鏡","Cunning Specs","6","helm","general","60",,"2","2","2","2","2","2","2",,"地質學","2",,,,,,
"強弓羽飾系列","強弓の羽根飾り","Mighty Bow Feather Set","強弓羽飾","強弓の羽根飾り","Mighty Bow Feather","6","helm","general","56",,"0","0","0","0","0",,,,"解放弓的蓄力階段","1",,,,,,
"禍鎧・霸系列","禍鎧・覇","Sinister S Set","禍鎧・霸【武士盔】","禍鎧・覇【兜】","Sinister Helm S","6","helm","general","64",,"3","-3","-2","1","1","2",,,"匠","1","怨恨","1","減輕膽怯","1",,
"禍鎧・霸系列","禍鎧・覇","Sinister S Set","禍鎧・霸【胸甲】","禍鎧・覇【胸当て】","Sinister Garb S","6","chest","general","64",,"3","-3","-2","1","1","2",,,"怨恨","1","鬼火纏身","1",,,,
"禍鎧・霸系列","禍鎧・覇","Sinister S Set","禍鎧・霸【臂甲】","禍鎧・覇【篭手】","Sinister Gauntlets S","6","arm","general","64",,"3","-3","-2","1","1","2",,,"匠","2","鬼火纏身","1",,,,
"禍鎧・霸系列","禍鎧・覇","Sinister S Set","禍鎧・霸【腰具】","禍鎧・覇【腰当て】","Sinister Tassets S","6","waist","general","64",,"3","-3","-2","1","1","3",,,"鬼火纏身","1",,,,,,
"禍鎧・霸系列","禍鎧・覇","Sinister S Set","禍鎧・霸【腿甲】","禍鎧・覇【具足】","Sinister Greaves S","6","leg","general","64",,"3","-3","-2","1","1","1","1",,"怨恨","1","減輕膽怯","1","鬼火纏身","1",,
"泡狐龍S系列","ミツネS","Mizutsune S Set","泡狐龍S頭盔","ミツネSヘルム","Mizutsune Helm S","6","helm","general","60",,"0","2","-3","1","-1","2","1",,"死裡逃生","1",,,,,,
"泡狐龍S系列","ミツネS","Mizutsune S Set","泡狐龍S鎧甲","ミツネSメイル","Mizutsune Mail S","6","chest","general","60",,"0","2","-3","1","-1","1",,,"死裡逃生","1","泡沫之舞","1",,,,
"泡狐龍S系列","ミツネS","Mizutsune S Set","泡狐龍S腕甲","ミツネSアーム","Mizutsune Braces S","6","arm","general","60",,"0","2","-3","1","-1","2",,,"死裡逃生","1","滿足感","1",,,,
"泡狐龍S系列","ミツネS","Mizutsune S Set","泡狐龍S腰甲","ミツネSコイル","Mizutsune Coil S","6","waist","general","60",,"0","2","-3","1","-1","2","1",,"泡沫之舞","1","滿足感","1",,,,
"泡狐龍S系列","ミツネS","Mizutsune S Set","泡狐龍S護腿","ミツネSグリーヴ","Mizutsune Greaves S","6","leg","general","60",,"0","2","-3","1","-1","3","1","1","泡沫之舞","1",,,,,,
"旅團S系列","ブリゲイドS","Brigade S Set","旅團S帽","ブリゲイドSロポス","Brigade Lobos S","6","helm","general","62",,"1","0","2","0","2","3","1",,"植生學","2",,,,,,
"旅團S系列","ブリゲイドS","Brigade S Set","旅團S戰衣","ブリゲイドSスーツ","Brigade Suit S","6","chest","general","62",,"1","0","2","0","2","1",,,"地質學","1","捕獲名人","1",,,,
"旅團S系列","ブリゲイドS","Brigade S Set","旅團S腕甲","ブリゲイドSアーム","Brigade Vambraces S","6","arm","general","62",,"1","0","2","0","2","3","1",,"地質學","2",,,,,,
"旅團S系列","ブリゲイドS","Brigade S Set","旅團S腰甲","ブリゲイドSコイル","Brigade Coil S","6","waist","general","62",,"1","0","2","0","2","3","1",,"幸運","1",,,,,,
"旅團S系列","ブリゲイドS","Brigade S Set","旅團S靴","ブリゲイドSブーツ","Brigade Boots S","6","leg","general","62",,"1","0","2","0","2","1","1","1","植生學","2","剝取鐵人","1",,,,
,,,"加爾克偽裝","ガルクフェイク","Canyne Mask","6","helm",,"0",,"0","0","0","0","0",,,,,,,,,,,
,,,"騎士頭盔","ライダーヘルム","Rider Helm","6","helm",,"0",,"0","0","0","0","0",,,,,,,,,,,
,,,"騎士鎧甲","ライダーメイル","Rider Mail","6","chest",,"0",,"0","0","0","0","0",,,,,,,,,,,
,,,"騎士腕甲","ライダーアーム","Rider Gloves","6","arm",,"0",,"0","0","0","0","0",,,,,,,,,,,
,,,"騎士腰甲","ライダーコイル","Rider Coil","6","waist",,"0",,"0","0","0","0","0",,,,,,,,,,,
,,,"騎士護腿","ライダーグリーヴ","Rider Greaves","6","leg",,"0",,"0","0","0","0","0",,,,,,,,,,,
"大馬士革系列","ダマスク","Damascus Set","大馬士革頭盔","ダマスクヘルム","Damascus Helm","7","helm","general","68",,"-1","2","-3","1","-1",,,,"耐震","2","耳塞","2",,,,
"大馬士革系列","ダマスク","Damascus Set","大馬士革鎧甲","ダマスクメイル","Damascus Mail","7","chest","general","68",,"-1","2","-3","1","-1","1","1",,"匠","1","耐震","1",,,,
"大馬士革系列","ダマスク","Damascus Set","大馬士革腕甲","ダマスクアーム","Damascus Vambraces","7","arm","general","68",,"-1","2","-3","1","-1","2","1",,"耳塞","1",,,,,,
"大馬士革系列","ダマスク","Damascus Set","大馬士革腰甲","ダマスクコイル","Damascus Coil","7","waist","general","68",,"-1","2","-3","1","-1","1",,,"匠","1","耳塞","1",,,,
"大馬士革系列","ダマスク","Damascus Set","大馬士革護腿","ダマスクグリーヴ","Damascus Greaves","7","leg","general","68",,"-1","2","-3","1","-1","1",,,"匠","2",,,,,,
"龍捲系列","しまき","Ibushi Set","龍捲之首","しまきのこうべ","Ibushi's Helm","7","helm","general","66",,"-1","0","0","0","-2",,,,"迴避距離UP","1","集中","1","風紋一致","1","風雷合一","1"
"龍捲系列","しまき","Ibushi Set","龍捲胸甲","しまきのむなさき","Ibushi's Breastplate S","7","chest","general","66",,"-1","0","0","0","-2",,,,"減輕膽怯","1","防禦性能","1","風紋一致","1","風雷合一","1"
"龍捲系列","しまき","Ibushi Set","龍捲之臂","しまきのかいな","Ibushi's Pauldrons","7","arm","general","66",,"-1","0","0","0","-2",,,,"耐力急速回復","1","風紋一致","1","風雷合一","1","體術","1"
"龍捲系列","しまき","Ibushi Set","龍捲之腰","しまきのこしもと","Ibushi's Fauld","7","waist","general","66",,"-1","0","0","0","-2",,,,"強化持續","1","迴避性能","1","風紋一致","1","風雷合一","1"
"龍捲系列","しまき","Ibushi Set","龍捲之足","しまきのおみあし","Foot of Ibushi","7","leg","general","66",,"-1","0","0","0","-2",,,,"KO術","1","防禦強化","1","風紋一致","1","風雷合一","1"
"鳴神系列","なるかみ","Narwa Set","鳴神之首","なるかみのこうべ","Narwa's Helm","7","helm","general","76",,"2","1","4","-3","-4",,,,"攻擊守勢","1","雷紋一致","1","風雷合一","1","高速變形","1"
"鳴神系列","なるかみ","Narwa Set","鳴神胸甲","なるかみのむなさき","Narwa's Breastplate S","7","chest","general","76",,"2","1","4","-3","-4",,,,"拔刀術【技】","1","雷紋一致","1","風雷合一","1","體術","1"
"鳴神系列","なるかみ","Narwa Set","鳴神之臂","なるかみのかいな","Narwa's Pauldrons","7","arm","general","76",,"2","1","4","-3","-4",,,,"破壞王","1","防禦性能","1","雷紋一致","1","風雷合一","1"
"鳴神系列","なるかみ","Narwa Set","鳴神之腰","なるかみのこしもと","Narwa's Fauld","7","waist","general","76",,"2","1","4","-3","-4",,,,"砲術","1","防禦性能","1","雷紋一致","1","風雷合一","1"
"鳴神系列","なるかみ","Narwa Set","鳴神之足","なるかみのおみあし","Foot of Narwa","7","leg","general","76",,"2","1","4","-3","-4",,,,"跑者","1","迴避性能","1","雷紋一致","1","風雷合一","1"
"鋼龍系列","クシャナ","Kushala Set","鋼龍強力","クシャナアンク","Kushala Glare","7","helm","general","74",,"-1","2","-2","3","-3","1",,,"匠","2","通常彈・連射箭強化","2",,,,
"鋼龍系列","クシャナ","Kushala Set","鋼龍恐懼","クシャナディール","Kushala Cista","7","chest","general","74",,"-1","2","-2","3","-3","2",,,"佯攻","1","回復速度","1","鋼殼之恩惠","1",,
"鋼龍系列","クシャナ","Kushala Set","鋼龍剛強","クシャナハトゥー","Kushala Grip","7","arm","general","74",,"-1","2","-2","3","-3","1",,,"挑戰者","2","回復速度","1","鋼殼之恩惠","1",,
"鋼龍系列","クシャナ","Kushala Set","鋼龍安穩","クシャナアンダ","Kushala Cocoon","7","waist","general","74",,"-1","2","-2","3","-3","1",,,"匠","1","回復速度","1","貫通彈・貫通箭強化","1","鋼殼之恩惠","1"
"鋼龍系列","クシャナ","Kushala Set","鋼龍踏實","クシャナペイル","Kushala Crus","7","leg","general","74",,"-1","2","-2","3","-3","1",,,"匠","1","貫通彈・貫通箭強化","1","鋼殼之恩惠","1",,
"霞龍系列","ミヅハ","Mizuha Set","霞龍劍裝【烏帽子】","ミヅハ【烏帽子】","Mizuha Cap","7","helm","general","74",,"-5","1","0","3","-3","1",,,"彈道強化","2","心眼","2","迴避性能","2",,
"霞龍系列","ミヅハ","Mizuha Set","霞龍劍裝【胸甲】","ミヅハ【胸当て】","Mizuha Guards","7","chest","general","74",,"-5","1","0","3","-3","1",,,"彈道強化","1","心眼","1","毒屬性強化","1","霞皮之恩惠","1"
"霞龍系列","ミヅハ","Mizuha Set","霞龍劍裝【大袖】","ミヅハ【大袖】","Mizuha Sleeves","7","arm","general","74",,"-5","1","0","3","-3","1",,,"毒屬性強化","1","迴避性能","1","霞皮之恩惠","1",,
"霞龍系列","ミヅハ","Mizuha Set","霞龍劍裝【圓帶】","ミヅハ【丸帯】","Mizuha Sash","7","waist","general","74",,"-5","1","0","3","-3","1",,,"無傷","2","毒屬性強化","1","霞皮之恩惠","1",,
"霞龍系列","ミヅハ","Mizuha Set","霞龍劍裝【腿甲】","ミヅハ【具足】","Mizuha Gaiters","7","leg","general","74",,"-5","1","0","3","-3","2",,,"迴避性能","1","霞皮之恩惠","1",,,,
"帝王系列","カイザー","Kaiser Set","帝王冠","カイザークラウン","Kaiser Crown","7","helm","general","74",,"4","-4","1","-1","-3","1",,,"看破","3","超會心","1",,,,
"帝王系列","カイザー","Kaiser Set","帝王鎧甲","カイザーメイル","Kaiser Mail","7","chest","general","74",,"4","-4","1","-1","-3","1",,,"炎鱗之恩惠","1","看破","1","達人藝","1",,
"帝王系列","カイザー","Kaiser Set","帝王腕甲","カイザーアーム","Kaiser Vambraces","7","arm","general","74",,"4","-4","1","-1","-3","2",,,"炎鱗之恩惠","1","看破","1","超會心","1",,
"帝王系列","カイザー","Kaiser Set","帝王腰甲","カイザーコイル","Kaiser Coil","7","waist","general","74",,"4","-4","1","-1","-3","3",,,"炎鱗之恩惠","1","看破","1",,,,
"帝王系列","カイザー","Kaiser Set","帝王護腿","カイザーグリーヴ","Kaiser Greaves","7","leg","general","74",,"4","-4","1","-1","-3","1",,,"炎鱗之恩惠","1","達人藝","1",,,,
"金色系列","金色ノ","Golden Set","金色毛髮","金色ノ添髪","Golden Headdress","7","helm","general","70",,"2","1","3","-5","2","2","1",,"火場怪力","2","精神抖擻","1",,,,
"金色系列","金色ノ","Golden Set","金色羽織","金色ノ羽織","Golden Haori","7","chest","general","70",,"2","1","3","-5","2","2",,,"力量解放","1","火場怪力","1","精神抖擻","1",,
"金色系列","金色ノ","Golden Set","金色臂甲","金色ノ篭手","Golden Kote","7","arm","general","70",,"2","1","3","-5","2","3","1",,"力量解放","1","火場怪力","1",,,,
"金色系列","金色ノ","Golden Set","金色帶","金色ノ帯","Golden Obi","7","waist","general","70",,"2","1","3","-5","2","1",,,"火場怪力","1","精神抖擻","1","超會心","1",,
"金色系列","金色ノ","Golden Set","金色下裳","金色ノ袴","Golden Hakama","7","leg","general","70",,"2","1","3","-5","2","1","1",,"超會心","2","力量解放","1",,,,
"赫耀系列","赫耀","Valstrax Set","赫耀之頭盔","赫耀ノヘルム","Valstrax Helm","7","helm","general","80",,"-2","-2","-2","-2","3","2","1",,"弱點特效","1","龍氣活化","1",,,,
"赫耀系列","赫耀","Valstrax Set","赫耀之鎧甲","赫耀ノメイル","Valstrax Mail","7","chest","general","80",,"-2","-2","-2","-2","3","3","1",,"死裡逃生","2","龍氣活化","1",,,,
"赫耀系列","赫耀","Valstrax Set","赫耀之腕甲","赫耀ノアーム","Valstrax Braces","7","arm","general","80",,"-2","-2","-2","-2","3","2",,,"弱點特效","2","龍氣活化","1",,,,
"赫耀系列","赫耀","Valstrax Set","赫耀之腰甲","赫耀ノコイル","Valstrax Coil","7","waist","general","80",,"-2","-2","-2","-2","3","2",,,"怨恨","2","死裡逃生","1","龍氣活化","1",,
"赫耀系列","赫耀","Valstrax Set","赫耀之護腿","赫耀ノグリーヴ","Valstrax Greaves","7","leg","general","80",,"-2","-2","-2","-2","3","3","1",,"怨恨","1","龍氣活化","1",,,,
"爆鱗龍系列","バゼル","Bazel Set","爆鱗龍頭盔","バゼルヘルム","Bazelgeuse Helm","7","helm","general","72",,"3","1","-4","-2","-2","2",,,"砲術","1","防禦性能","1",,,,
"爆鱗龍系列","バゼル","Bazel Set","爆鱗龍鎧甲","バゼルメイル","Bazelgeuse Mail","7","chest","general","72",,"3","1","-4","-2","-2","1","1",,"防禦強化","2","挑戰者","1",,,,
"爆鱗龍系列","バゼル","Bazel Set","爆鱗龍腕甲","バゼルアーム","Bazelgeuse Braces","7","arm","general","72",,"3","1","-4","-2","-2","2","2",,"砲彈裝填","1","防禦強化","1",,,,
"爆鱗龍系列","バゼル","Bazel Set","爆鱗龍腰甲","バゼルコイル","Bazelgeuse Coil","7","waist","general","72",,"3","1","-4","-2","-2","2","2",,"砲彈裝填","1","防禦性能","1",,,,
"爆鱗龍系列","バゼル","Bazel Set","爆鱗龍護腿","バゼルグリーヴ","Bazelgeuse Greaves","7","leg","general","72",,"3","1","-4","-2","-2","3",,,"砲術","2","防禦性能","1",,,,
"火焰眼罩系列","炎の封眼","Flame Seal Set","火焰眼罩","炎の封眼","Flame Seal","7","helm","general","56",,"3","0","0","0","0",,,,"看破","4",,,,,,
"熟練羽飾系列","練達の羽根飾り","Feather of Mastery Set","熟練羽飾","練達の羽根飾り","Feather of Mastery","7","helm","general","56",,"0","0","0","0","0",,,,"剝取名人","1",,,,,,